Date,GOLD,DXY,US10Y
2020-01-02,1524.5,96.8499984741211,1.8819999694824219
2020-01-03,1549.199951171875,96.83999633789062,1.7879999876022339
2020-01-06,1566.199951171875,96.66999816894531,1.8109999895095825
2020-01-07,1571.800048828125,96.9800033569336,1.8270000219345093
2020-01-08,1557.4000244140625,97.30000305175781,1.8739999532699585
2020-01-09,1551.699951171875,97.44999694824219,1.8580000400543213
2020-01-10,1557.5,97.36000061035156,1.8250000476837158
2020-01-13,1548.4000244140625,97.3499984741211,1.8480000495910645
2020-01-14,1542.4000244140625,97.37000274658203,1.8179999589920044
2020-01-15,1552.0999755859375,97.2300033569336,1.7879999876022339
2020-01-16,1549.0,97.31999969482422,1.809000015258789
2020-01-17,1558.800048828125,97.61000061035156,1.8359999656677246
2020-01-21,1556.4000244140625,97.52999877929688,1.7690000534057617
2020-01-22,1555.300048828125,97.52999877929688,1.7690000534057617
2020-01-23,1564.5999755859375,97.69000244140625,1.7400000095367432
2020-01-24,1571.0999755859375,97.8499984741211,1.680999994277954
2020-01-27,1576.800048828125,97.95999908447266,1.6050000190734863
2020-01-28,1569.199951171875,98.0199966430664,1.6410000324249268
2020-01-29,1569.800048828125,97.98999786376953,1.593999981880188
2020-01-30,1583.5,97.87000274658203,1.5579999685287476
2020-01-31,1582.9000244140625,97.38999938964844,1.5199999809265137
2020-02-03,1577.199951171875,97.80000305175781,1.5199999809265137
2020-02-04,1550.4000244140625,97.95999908447266,1.6030000448226929
2020-02-05,1557.800048828125,98.2699966430664,1.6490000486373901
2020-02-06,1565.0999755859375,98.5,1.6440000534057617
2020-02-07,1568.5999755859375,98.68000030517578,1.5779999494552612
2020-02-10,1574.699951171875,98.83000183105469,1.5470000505447388
2020-02-11,1565.5999755859375,98.72000122070312,1.590000033378601
2020-02-12,1567.4000244140625,99.05000305175781,1.6299999952316284
2020-02-13,1575.0999755859375,99.06999969482422,1.6169999837875366
2020-02-14,1582.699951171875,99.12000274658203,1.5880000591278076
2020-02-18,1600.0,99.45999908447266,1.555999994277954
2020-02-19,1607.5,99.5999984741211,1.5700000524520874
2020-02-20,1616.5999755859375,99.87000274658203,1.524999976158142
2020-02-21,1644.5999755859375,99.26000213623047,1.4709999561309814
2020-02-24,1672.4000244140625,99.29000091552734,1.3769999742507935
2020-02-25,1646.9000244140625,98.97000122070312,1.3300000429153442
2020-02-26,1640.0,99.0,1.309999942779541
2020-02-27,1640.0,98.44000244140625,1.2990000247955322
2020-02-28,1564.0999755859375,98.12999725341797,1.1269999742507935
2020-03-02,1592.300048828125,97.36000061035156,1.0880000591278076
2020-03-03,1642.0999755859375,97.1500015258789,1.0099999904632568
2020-03-04,1641.0999755859375,97.33999633789062,0.9919999837875366
2020-03-05,1666.4000244140625,96.81999969482422,0.9259999990463257
2020-03-06,1670.800048828125,95.94999694824219,0.7059999704360962
2020-03-09,1674.5,94.9000015258789,0.49900001287460327
2020-03-10,1659.0999755859375,96.41000366210938,0.7480000257492065
2020-03-11,1641.4000244140625,96.51000213623047,0.8199999928474426
2020-03-12,1589.300048828125,97.47000122070312,0.8489999771118164
2020-03-13,1515.699951171875,98.75,0.9509999752044678
2020-03-16,1485.9000244140625,98.08999633789062,0.7279999852180481
2020-03-17,1524.9000244140625,99.58000183105469,0.996999979019165
2020-03-18,1477.300048828125,101.16000366210938,1.2660000324249268
2020-03-19,1478.5999755859375,102.76000213623047,1.11899995803833
2020-03-20,1484.0,102.81999969482422,0.9380000233650208
2020-03-23,1567.0,102.48999786376953,0.7639999985694885
2020-03-24,1660.199951171875,101.73999786376953,0.8159999847412109
2020-03-25,1632.300048828125,101.05000305175781,0.8579999804496765
2020-03-26,1650.0999755859375,99.41999816894531,0.8109999895095825
2020-03-27,1623.9000244140625,98.37000274658203,0.7490000128746033
2020-03-30,1622.0,99.18000030517578,0.6700000166893005
2020-03-31,1583.4000244140625,99.05000305175781,0.6980000138282776
2020-04-01,1578.199951171875,99.66999816894531,0.6349999904632568
2020-04-02,1625.699951171875,100.18000030517578,0.6269999742507935
2020-04-03,1633.699951171875,100.58000183105469,0.5870000123977661
2020-04-06,1677.0,100.69000244140625,0.6759999990463257
2020-04-07,1664.800048828125,99.9800033569336,0.7360000014305115
2020-04-08,1665.4000244140625,100.12000274658203,0.7639999985694885
2020-04-09,1736.199951171875,99.5199966430664,0.7289999723434448
2020-04-13,1744.800048828125,99.3499984741211,0.7490000128746033
2020-04-14,1756.699951171875,98.88999938964844,0.7519999742507935
2020-04-15,1727.199951171875,99.45999908447266,0.6380000114440918
2020-04-16,1720.4000244140625,100.02999877929688,0.609000027179718
2020-04-17,1689.199951171875,99.77999877929688,0.6539999842643738
2020-04-20,1701.5999755859375,99.95999908447266,0.6259999871253967
2020-04-21,1678.199951171875,100.26000213623047,0.5709999799728394
2020-04-22,1728.699951171875,100.38999938964844,0.6190000176429749
2020-04-23,1733.300048828125,100.43000030517578,0.6129999756813049
2020-04-24,1723.5,100.37999725341797,0.5960000157356262
2020-04-27,1711.9000244140625,100.04000091552734,0.656000018119812
2020-04-28,1710.5,99.87000274658203,0.6100000143051147
2020-04-29,1703.4000244140625,99.56999969482422,0.6269999742507935
2020-04-30,1684.199951171875,99.0199966430664,0.621999979019165
2020-05-01,1694.5,98.80000305175781,0.6420000195503235
2020-05-04,1706.9000244140625,99.4800033569336,0.6370000243186951
2020-05-05,1704.4000244140625,99.70999908447266,0.6570000052452087
2020-05-06,1684.199951171875,100.08999633789062,0.7110000252723694
2020-05-07,1721.800048828125,99.88999938964844,0.6309999823570251
2020-05-08,1709.9000244140625,99.7300033569336,0.6819999814033508
2020-05-11,1695.300048828125,100.23999786376953,0.7260000109672546
2020-05-12,1704.4000244140625,99.93000030517578,0.6779999732971191
2020-05-13,1713.9000244140625,100.23999786376953,0.6489999890327454
2020-05-14,1738.0999755859375,100.47000122070312,0.6190000176429749
2020-05-15,1753.4000244140625,100.4000015258789,0.6399999856948853
2020-05-18,1731.800048828125,99.66999816894531,0.7440000176429749
2020-05-19,1744.199951171875,99.37000274658203,0.7110000252723694
2020-05-20,1750.5999755859375,99.12000274658203,0.6800000071525574
2020-05-21,1720.5,99.37000274658203,0.6769999861717224
2020-05-22,1734.5999755859375,99.86000061035156,0.6570000052452087
2020-05-26,1704.800048828125,98.91000366210938,0.6980000138282776
2020-05-27,1710.300048828125,99.05999755859375,0.6800000071525574
2020-05-28,1713.300048828125,98.37999725341797,0.7049999833106995
2020-05-29,1736.9000244140625,98.33999633789062,0.6480000019073486
2020-06-01,1737.800048828125,97.83000183105469,0.6620000004768372
2020-06-02,1725.199951171875,97.66999816894531,0.6800000071525574
2020-06-03,1697.800048828125,97.27999877929688,0.7609999775886536
2020-06-04,1718.9000244140625,96.68000030517578,0.8199999928474426
2020-06-05,1676.199951171875,96.94000244140625,0.9039999842643738
2020-06-08,1698.300048828125,96.62000274658203,0.8840000033378601
2020-06-09,1714.699951171875,96.31999969482422,0.8289999961853027
2020-06-10,1713.300048828125,95.95999908447266,0.7480000257492065
2020-06-11,1732.0,96.7300033569336,0.652999997138977
2020-06-12,1729.300048828125,97.31999969482422,0.6990000009536743
2020-06-15,1720.300048828125,96.68000030517578,0.7020000219345093
2020-06-16,1729.5999755859375,96.95999908447266,0.7559999823570251
2020-06-17,1729.199951171875,97.16000366210938,0.7329999804496765
2020-06-18,1724.800048828125,97.41999816894531,0.6940000057220459
2020-06-19,1745.9000244140625,97.62000274658203,0.6970000267028809
2020-06-22,1756.699951171875,97.04000091552734,0.7039999961853027
2020-06-23,1772.0999755859375,96.69000244140625,0.7089999914169312
2020-06-24,1765.800048828125,97.1500015258789,0.6840000152587891
2020-06-25,1762.0999755859375,97.43000030517578,0.6740000247955322
2020-06-26,1772.5,97.5,0.6359999775886536
2020-06-29,1774.800048828125,97.54000091552734,0.6359999775886536
2020-06-30,1793.0,97.38999938964844,0.652999997138977
2020-07-01,1773.199951171875,97.19999694824219,0.6819999814033508
2020-07-02,1784.0,97.31999969482422,0.6690000295639038
2020-07-06,1788.5,96.79000091552734,0.6840000152587891
2020-07-07,1804.199951171875,96.87999725341797,0.6499999761581421
2020-07-08,1815.5,96.43000030517578,0.652999997138977
2020-07-09,1799.199951171875,96.69999694824219,0.6050000190734863
2020-07-10,1798.199951171875,96.6500015258789,0.6330000162124634
2020-07-13,1811.0,96.45999908447266,0.6399999856948853
2020-07-14,1810.5999755859375,96.26000213623047,0.6150000095367432
2020-07-15,1811.4000244140625,96.08000183105469,0.6299999952316284
2020-07-16,1798.699951171875,96.3499984741211,0.6119999885559082
2020-07-17,1808.300048828125,95.94000244140625,0.628000020980835
2020-07-20,1815.9000244140625,95.83000183105469,0.6200000047683716
2020-07-21,1842.4000244140625,95.12000274658203,0.6069999933242798
2020-07-22,1864.0999755859375,94.97000122070312,0.5950000286102295
2020-07-23,1889.0999755859375,94.69000244140625,0.5820000171661377
2020-07-24,1897.300048828125,94.44000244140625,0.5889999866485596
2020-07-27,1931.0,93.66999816894531,0.609000027179718
2020-07-28,1944.699951171875,93.76000213623047,0.5809999704360962
2020-07-29,1953.5,93.26000213623047,0.5789999961853027
2020-07-30,1942.300048828125,93.0199966430664,0.5410000085830688
2020-07-31,1962.800048828125,93.48999786376953,0.5360000133514404
2020-08-03,1966.0,93.5,0.5630000233650208
2020-08-04,2001.199951171875,93.37999725341797,0.5149999856948853
2020-08-05,2031.0999755859375,92.83000183105469,0.5429999828338623
2020-08-06,2051.5,92.79000091552734,0.5360000133514404
2020-08-07,2010.0999755859375,93.44000244140625,0.5619999766349792
2020-08-10,2024.4000244140625,93.58000183105469,0.5740000009536743
2020-08-11,1932.5999755859375,93.62999725341797,0.6579999923706055
2020-08-12,1934.9000244140625,93.44000244140625,0.6700000166893005
2020-08-13,1956.699951171875,93.33999633789062,0.7160000205039978
2020-08-14,1937.0,93.0999984741211,0.7089999914169312
2020-08-17,1985.0,92.8499984741211,0.6830000281333923
2020-08-18,1999.4000244140625,92.2699966430664,0.6690000295639038
2020-08-19,1958.699951171875,92.88999938964844,0.675000011920929
2020-08-20,1933.800048828125,92.79000091552734,0.6439999938011169
2020-08-21,1934.5999755859375,93.25,0.6399999856948853
2020-08-24,1927.699951171875,93.30000305175781,0.6460000276565552
2020-08-25,1911.800048828125,93.0199966430664,0.6819999814033508
2020-08-26,1940.699951171875,93.01000213623047,0.6869999766349792
2020-08-27,1921.5999755859375,93.01000213623047,0.7459999918937683
2020-08-28,1964.5999755859375,92.37000274658203,0.7289999723434448
2020-08-31,1967.5999755859375,92.13999938964844,0.6930000185966492
2020-09-01,1968.199951171875,92.33999633789062,0.671999990940094
2020-09-02,1934.4000244140625,92.8499984741211,0.6510000228881836
2020-09-03,1927.5999755859375,92.73999786376953,0.621999979019165
2020-09-04,1923.9000244140625,92.72000122070312,0.7210000157356262
2020-09-08,1933.0,93.4800033569336,0.6840000152587891
2020-09-09,1944.699951171875,93.26000213623047,0.703000009059906
2020-09-10,1954.199951171875,93.33999633789062,0.6850000023841858
2020-09-11,1937.800048828125,93.33000183105469,0.6690000295639038
2020-09-14,1953.0999755859375,93.06999969482422,0.6710000038146973
2020-09-15,1956.300048828125,93.05000305175781,0.6790000200271606
2020-09-16,1960.199951171875,93.20999908447266,0.6869999766349792
2020-09-17,1940.0,92.97000122070312,0.6840000152587891
2020-09-18,1952.0999755859375,92.93000030517578,0.6940000057220459
2020-09-21,1901.199951171875,93.54000091552734,0.6710000038146973
2020-09-22,1898.5999755859375,93.98999786376953,0.6639999747276306
2020-09-23,1859.9000244140625,94.38999938964844,0.6759999990463257
2020-09-24,1868.300048828125,94.3499984741211,0.6660000085830688
2020-09-25,1857.699951171875,94.58000183105469,0.6589999794960022
2020-09-28,1872.800048828125,94.26000213623047,0.6629999876022339
2020-09-29,1894.300048828125,93.88999938964844,0.6449999809265137
2020-09-30,1887.5,93.88999938964844,0.6769999861717224
2020-10-01,1908.4000244140625,93.70999908447266,0.6769999861717224
2020-10-02,1900.199951171875,93.83999633789062,0.6959999799728394
2020-10-05,1912.5,93.51000213623047,0.7620000243186951
2020-10-06,1901.0999755859375,93.83000183105469,0.7419999837875366
2020-10-07,1883.5999755859375,93.62999725341797,0.7850000262260437
2020-10-08,1888.5999755859375,93.61000061035156,0.7649999856948853
2020-10-09,1919.5,93.05999755859375,0.7749999761581421
2020-10-12,1922.5,93.06999969482422,0.7770000100135803
2020-10-13,1888.5,93.52999877929688,0.7269999980926514
2020-10-14,1901.300048828125,93.37999725341797,0.722000002861023
2020-10-15,1903.199951171875,93.86000061035156,0.7310000061988831
2020-10-16,1900.800048828125,93.68000030517578,0.7440000176429749
2020-10-19,1906.4000244140625,93.43000030517578,0.7609999775886536
2020-10-20,1910.4000244140625,93.06999969482422,0.796999990940094
2020-10-21,1924.5999755859375,92.61000061035156,0.8159999847412109
2020-10-22,1901.0999755859375,92.94999694824219,0.8479999899864197
2020-10-23,1902.0,92.7699966430664,0.8410000205039978
2020-10-26,1902.699951171875,93.05000305175781,0.8009999990463257
2020-10-27,1908.800048828125,92.94000244140625,0.777999997138977
2020-10-28,1876.199951171875,93.41000366210938,0.781000018119812
2020-10-29,1865.5999755859375,93.95999908447266,0.8349999785423279
2020-10-30,1877.4000244140625,94.04000091552734,0.8600000143051147
2020-11-02,1890.4000244140625,94.05000305175781,0.8489999771118164
2020-11-03,1908.5,93.55000305175781,0.8820000290870667
2020-11-04,1894.5999755859375,93.41000366210938,0.7680000066757202
2020-11-05,1945.300048828125,92.52999877929688,0.7760000228881836
2020-11-06,1950.300048828125,92.2300033569336,0.8199999928474426
2020-11-09,1853.199951171875,92.7300033569336,0.9580000042915344
2020-11-10,1875.4000244140625,92.75,0.972000002861023
2020-11-11,1860.699951171875,93.04000091552734,0.9580000042915344
2020-11-12,1872.5999755859375,92.95999908447266,0.8849999904632568
2020-11-13,1885.699951171875,92.76000213623047,0.8930000066757202
2020-11-16,1887.300048828125,92.56999969482422,0.906000018119812
2020-11-17,1884.5,92.41999816894531,0.871999979019165
2020-11-18,1873.5,92.31999969482422,0.8820000290870667
2020-11-19,1861.0999755859375,92.29000091552734,0.8539999723434448
2020-11-20,1872.5999755859375,92.38999938964844,0.8289999961853027
2020-11-23,1837.800048828125,92.51000213623047,0.8569999933242798
2020-11-24,1804.800048828125,92.2300033569336,0.8820000290870667
2020-11-25,1805.699951171875,91.98999786376953,0.878000020980835
2020-11-27,1781.9000244140625,91.79000091552734,0.8420000076293945
2020-11-30,1775.699951171875,91.87000274658203,0.843999981880188
2020-12-01,1814.0999755859375,91.30999755859375,0.9340000152587891
2020-12-02,1825.699951171875,91.12000274658203,0.9480000138282776
2020-12-03,1836.800048828125,90.70999908447266,0.9200000166893005
2020-12-04,1835.9000244140625,90.69999694824219,0.968999981880188
2020-12-07,1861.800048828125,90.79000091552734,0.9279999732971191
2020-12-08,1870.800048828125,90.97000122070312,0.9129999876022339
2020-12-09,1834.5999755859375,91.08999633789062,0.9409999847412109
2020-12-10,1833.5999755859375,90.79000091552734,0.9079999923706055
2020-12-11,1839.800048828125,90.9800033569336,0.8930000066757202
2020-12-14,1828.699951171875,90.70999908447266,0.8920000195503235
2020-12-15,1852.300048828125,90.47000122070312,0.9229999780654907
2020-12-16,1856.0999755859375,90.44999694824219,0.9200000166893005
2020-12-17,1887.199951171875,89.81999969482422,0.9300000071525574
2020-12-18,1885.699951171875,90.0199966430664,0.9480000138282776
2020-12-21,1879.199951171875,90.04000091552734,0.9409999847412109
2020-12-22,1866.5999755859375,90.6500015258789,0.9179999828338623
2020-12-23,1874.699951171875,90.41000366210938,0.9549999833106995
2020-12-24,1879.9000244140625,90.33000183105469,0.9279999732971191
2020-12-28,1877.199951171875,90.33999633789062,0.9330000281333923
2020-12-29,1879.699951171875,90.01000213623047,0.9350000023841858
2020-12-30,1891.0,89.62999725341797,0.9259999990463257
2020-12-31,1893.0999755859375,89.94000244140625,0.9169999957084656
2021-01-04,1944.699951171875,89.87999725341797,0.9169999957084656
2021-01-05,1952.699951171875,89.44000244140625,0.9549999833106995
2021-01-06,1906.9000244140625,89.52999877929688,1.0420000553131104
2021-01-07,1912.300048828125,89.83000183105469,1.0709999799728394
2021-01-08,1834.0999755859375,90.0999984741211,1.1050000190734863
2021-01-11,1849.5999755859375,90.54000091552734,1.1319999694824219
2021-01-12,1842.9000244140625,90.05000305175781,1.1380000114440918
2021-01-13,1853.5999755859375,90.31999969482422,1.0880000591278076
2021-01-14,1850.300048828125,90.23999786376953,1.128999948501587
2021-01-15,1829.300048828125,90.77999877929688,1.097000002861023
2021-01-19,1839.5,90.5,1.0920000076293945
2021-01-20,1865.9000244140625,90.47000122070312,1.090000033378601
2021-01-21,1865.300048828125,90.12999725341797,1.1089999675750732
2021-01-22,1855.699951171875,90.23999786376953,1.090999960899353
2021-01-25,1854.9000244140625,90.38999938964844,1.0399999618530273
2021-01-26,1850.699951171875,90.16999816894531,1.0399999618530273
2021-01-27,1844.9000244140625,90.6500015258789,1.0140000581741333
2021-01-28,1837.9000244140625,90.45999908447266,1.0570000410079956
2021-01-29,1847.300048828125,90.58000183105469,1.093000054359436
2021-02-01,1860.800048828125,91.0199966430664,1.0770000219345093
2021-02-02,1830.5,91.19999694824219,1.1050000190734863
2021-02-03,1832.199951171875,91.12000274658203,1.13100004196167
2021-02-04,1788.9000244140625,91.52999877929688,1.1390000581741333
2021-02-05,1810.9000244140625,91.04000091552734,1.1699999570846558
2021-02-08,1831.9000244140625,90.93000030517578,1.159999966621399
2021-02-09,1835.300048828125,90.44000244140625,1.156999945640564
2021-02-10,1840.5999755859375,90.37000274658203,1.1330000162124634
2021-02-11,1824.9000244140625,90.41999816894531,1.1579999923706055
2021-02-12,1821.5999755859375,90.4800033569336,1.2000000476837158
2021-02-16,1797.199951171875,90.51000213623047,1.2990000247955322
2021-02-17,1771.0999755859375,90.94999694824219,1.3009999990463257
2021-02-18,1773.4000244140625,90.58999633789062,1.2869999408721924
2021-02-19,1775.800048828125,90.36000061035156,1.3450000286102295
2021-02-22,1806.699951171875,90.01000213623047,1.3700000047683716
2021-02-23,1804.4000244140625,90.16999816894531,1.3619999885559082
2021-02-24,1796.4000244140625,90.18000030517578,1.3890000581741333
2021-02-25,1774.4000244140625,90.12999725341797,1.5180000066757202
2021-02-26,1728.0999755859375,90.93000030517578,1.4600000381469727
2021-03-01,1722.5,91.04000091552734,1.4459999799728394
2021-03-02,1733.0999755859375,90.79000091552734,1.4149999618530273
2021-03-03,1715.300048828125,90.94999694824219,1.4700000286102295
2021-03-04,1700.199951171875,91.62999725341797,1.5499999523162842
2021-03-05,1698.0,91.9800033569336,1.5540000200271606
2021-03-08,1677.699951171875,92.30999755859375,1.5959999561309814
2021-03-09,1716.5999755859375,91.95999908447266,1.5460000038146973
2021-03-10,1721.5,91.79000091552734,1.5199999809265137
2021-03-11,1722.300048828125,91.41999816894531,1.5269999504089355
2021-03-12,1719.5,91.68000030517578,1.6349999904632568
2021-03-15,1728.9000244140625,91.83000183105469,1.6069999933242798
2021-03-16,1730.5999755859375,91.87000274658203,1.621000051498413
2021-03-17,1726.800048828125,91.4000015258789,1.6410000324249268
2021-03-18,1732.199951171875,91.8499984741211,1.7300000190734863
2021-03-19,1741.4000244140625,91.91999816894531,1.7319999933242798
2021-03-22,1737.800048828125,91.80000305175781,1.684000015258789
2021-03-23,1724.699951171875,92.33999633789062,1.6380000114440918
2021-03-24,1732.9000244140625,92.52999877929688,1.6139999628067017
2021-03-25,1724.9000244140625,92.87999725341797,1.6139999628067017
2021-03-26,1732.199951171875,92.7699966430664,1.659999966621399
2021-03-29,1712.0999755859375,92.94000244140625,1.7209999561309814
2021-03-30,1683.9000244140625,93.30000305175781,1.7259999513626099
2021-03-31,1713.800048828125,93.2300033569336,1.746000051498413
2021-04-01,1726.5,92.93000030517578,1.6790000200271606
2021-04-05,1727.0,92.5999984741211,1.7200000286102295
2021-04-06,1741.5,92.33999633789062,1.656000018119812
2021-04-07,1740.0999755859375,92.45999908447266,1.652999997138977
2021-04-08,1756.800048828125,92.05999755859375,1.6319999694824219
2021-04-09,1743.300048828125,92.16000366210938,1.6660000085830688
2021-04-12,1731.199951171875,92.13999938964844,1.6749999523162842
2021-04-13,1746.199951171875,91.8499984741211,1.6230000257492065
2021-04-14,1734.9000244140625,91.69000244140625,1.6380000114440918
2021-04-15,1765.4000244140625,91.66999816894531,1.5299999713897705
2021-04-16,1779.0,91.55999755859375,1.5729999542236328
2021-04-19,1769.4000244140625,91.06999969482422,1.6009999513626099
2021-04-20,1777.300048828125,91.23999786376953,1.562000036239624
2021-04-21,1792.300048828125,91.16000366210938,1.5640000104904175
2021-04-22,1781.199951171875,91.33000183105469,1.5540000200271606
2021-04-23,1777.0,90.86000061035156,1.5670000314712524
2021-04-26,1779.199951171875,90.80999755859375,1.5700000524520874
2021-04-27,1778.0,90.91000366210938,1.621999979019165
2021-04-28,1773.199951171875,90.61000061035156,1.6200000047683716
2021-04-29,1768.0999755859375,90.61000061035156,1.6399999856948853
2021-04-30,1767.300048828125,91.27999877929688,1.63100004196167
2021-05-03,1791.4000244140625,90.94999694824219,1.6069999933242798
2021-05-04,1775.800048828125,91.29000091552734,1.5920000076293945
2021-05-05,1784.0999755859375,91.30999755859375,1.5839999914169312
2021-05-06,1815.5,90.94999694824219,1.5609999895095825
2021-05-07,1831.0999755859375,90.2300033569336,1.5770000219345093
2021-05-10,1837.5,90.20999908447266,1.6019999980926514
2021-05-11,1835.9000244140625,90.13999938964844,1.6239999532699585
2021-05-12,1822.5999755859375,90.70999908447266,1.6950000524520874
2021-05-13,1823.800048828125,90.75,1.6679999828338623
2021-05-14,1837.9000244140625,90.31999969482422,1.6349999904632568
2021-05-17,1867.5,90.22000122070312,1.6399999856948853
2021-05-18,1867.800048828125,89.75,1.6419999599456787
2021-05-19,1881.300048828125,90.19000244140625,1.6829999685287476
2021-05-20,1881.800048828125,89.80999755859375,1.6339999437332153
2021-05-21,1876.699951171875,90.0199966430664,1.6319999694824219
2021-05-24,1884.5999755859375,89.83000183105469,1.6080000400543213
2021-05-25,1898.0999755859375,89.63999938964844,1.5640000104904175
2021-05-26,1901.300048828125,90.04000091552734,1.5740000009536743
2021-05-27,1895.699951171875,89.97000122070312,1.6100000143051147
2021-05-28,1902.5,90.02999877929688,1.5809999704360962
2021-06-01,1902.9000244140625,89.83000183105469,1.6150000095367432
2021-06-02,1907.5,89.9000015258789,1.590999960899353
2021-06-03,1871.199951171875,90.5,1.625
2021-06-04,1889.800048828125,90.13999938964844,1.559999942779541
2021-06-07,1896.800048828125,89.94999694824219,1.569000005722046
2021-06-08,1892.199951171875,90.08000183105469,1.527999997138977
2021-06-09,1893.199951171875,90.12000274658203,1.4889999628067017
2021-06-10,1894.199951171875,90.08000183105469,1.4589999914169312
2021-06-11,1877.4000244140625,90.55999755859375,1.4620000123977661
2021-06-14,1864.0,90.5199966430664,1.5010000467300415
2021-06-15,1854.5,90.54000091552734,1.4989999532699585
2021-06-16,1859.5,91.12999725341797,1.569000005722046
2021-06-17,1773.800048828125,91.88999938964844,1.5110000371932983
2021-06-18,1767.9000244140625,92.2300033569336,1.4500000476837158
2021-06-21,1781.800048828125,91.86000061035156,1.4839999675750732
2021-06-22,1776.300048828125,91.7300033569336,1.472000002861023
2021-06-23,1782.300048828125,91.80000305175781,1.4869999885559082
2021-06-24,1775.5999755859375,91.81999969482422,1.4869999885559082
2021-06-25,1776.5999755859375,91.80999755859375,1.5360000133514404
2021-06-28,1779.5999755859375,91.87999725341797,1.4780000448226929
2021-06-29,1762.800048828125,92.05000305175781,1.4800000190734863
2021-06-30,1770.800048828125,92.44000244140625,1.4429999589920044
2021-07-01,1775.9000244140625,92.5999984741211,1.4800000190734863
2021-07-02,1782.5999755859375,92.2300033569336,1.430999994277954
2021-07-06,1793.5,92.55000305175781,1.3700000047683716
2021-07-07,1801.5,92.63999938964844,1.3209999799728394
2021-07-08,1799.5999755859375,92.36000061035156,1.2879999876022339
2021-07-09,1810.0,92.12999725341797,1.3559999465942383
2021-07-12,1805.5,92.2300033569336,1.3630000352859497
2021-07-13,1809.4000244140625,92.75,1.4149999618530273
2021-07-14,1824.300048828125,92.41000366210938,1.3559999465942383
2021-07-15,1828.4000244140625,92.62000274658203,1.2970000505447388
2021-07-16,1814.5,92.69000244140625,1.2999999523162842
2021-07-19,1808.699951171875,92.88999938964844,1.180999994277954
2021-07-20,1810.9000244140625,92.97000122070312,1.2089999914169312
2021-07-21,1802.9000244140625,92.75,1.2799999713897705
2021-07-22,1805.0,92.81999969482422,1.2649999856948853
2021-07-23,1801.4000244140625,92.91000366210938,1.2860000133514404
2021-07-26,1798.699951171875,92.6500015258789,1.2760000228881836
2021-07-27,1799.5,92.43000030517578,1.2339999675750732
2021-07-28,1799.5,92.31999969482422,1.2610000371932983
2021-07-29,1831.199951171875,91.86000061035156,1.2690000534057617
2021-07-30,1812.5999755859375,92.16999816894531,1.2389999628067017
2021-08-02,1818.0999755859375,92.05000305175781,1.1740000247955322
2021-08-03,1810.0999755859375,92.08000183105469,1.1759999990463257
2021-08-04,1810.5,92.2699966430664,1.184000015258789
2021-08-05,1805.0999755859375,92.23999786376953,1.2170000076293945
2021-08-06,1760.0,92.80000305175781,1.2899999618530273
2021-08-09,1723.4000244140625,92.94999694824219,1.3170000314712524
2021-08-10,1728.800048828125,93.05999755859375,1.3420000076293945
2021-08-11,1750.4000244140625,92.91000366210938,1.3289999961853027
2021-08-12,1749.0,93.04000091552734,1.3669999837875366
2021-08-13,1775.199951171875,92.5199966430664,1.2970000505447388
2021-08-16,1786.9000244140625,92.62999725341797,1.2569999694824219
2021-08-17,1785.0,93.12999725341797,1.2580000162124634
2021-08-18,1781.5999755859375,93.13999938964844,1.2730000019073486
2021-08-19,1780.199951171875,93.56999969482422,1.2419999837875366
2021-08-20,1781.0,93.5,1.2599999904632568
2021-08-23,1803.199951171875,92.95999908447266,1.2549999952316284
2021-08-24,1805.5999755859375,92.88999938964844,1.2899999618530273
2021-08-25,1788.199951171875,92.83000183105469,1.3420000076293945
2021-08-26,1792.199951171875,93.05999755859375,1.3420000076293945
2021-08-27,1816.5999755859375,92.69000244140625,1.312000036239624
2021-08-30,1809.0,92.6500015258789,1.284999966621399
2021-08-31,1815.0,92.62999725341797,1.3040000200271606
2021-09-01,1813.0999755859375,92.44999694824219,1.3020000457763672
2021-09-02,1808.699951171875,92.2300033569336,1.2940000295639038
2021-09-03,1830.9000244140625,92.04000091552734,1.3220000267028809
2021-09-07,1795.9000244140625,92.5199966430664,1.3700000047683716
2021-09-08,1790.699951171875,92.6500015258789,1.3339999914169312
2021-09-09,1797.4000244140625,92.4800033569336,1.2990000247955322
2021-09-10,1789.5999755859375,92.58000183105469,1.340999960899353
2021-09-13,1792.0,92.62000274658203,1.3240000009536743
2021-09-14,1804.699951171875,92.6500015258789,1.2769999504089355
2021-09-15,1792.4000244140625,92.48999786376953,1.3040000200271606
2021-09-16,1754.5999755859375,92.86000061035156,1.3309999704360962
2021-09-17,1749.4000244140625,93.19999694824219,1.3700000047683716
2021-09-20,1761.800048828125,93.23999786376953,1.309000015258789
2021-09-21,1776.0,93.19999694824219,1.3240000009536743
2021-09-22,1776.699951171875,93.45999908447266,1.3359999656677246
2021-09-23,1747.699951171875,93.0999984741211,1.409999966621399
2021-09-24,1749.699951171875,93.33000183105469,1.4600000381469727
2021-09-27,1750.0,93.37999725341797,1.4839999675750732
2021-09-28,1735.800048828125,93.7699966430664,1.534000039100647
2021-09-29,1721.5,94.33999633789062,1.5410000085830688
2021-09-30,1755.300048828125,94.25,1.5290000438690186
2021-10-01,1757.0,94.04000091552734,1.4789999723434448
2021-10-04,1766.199951171875,93.80999755859375,1.4809999465942383
2021-10-05,1759.5999755859375,93.9800033569336,1.5290000438690186
2021-10-06,1760.5,94.2699966430664,1.5240000486373901
2021-10-07,1757.9000244140625,94.22000122070312,1.5709999799728394
2021-10-08,1756.300048828125,94.06999969482422,1.6050000190734863
2021-10-11,1754.5999755859375,94.31999969482422,1.6139999628067017
2021-10-12,1758.300048828125,94.5199966430664,1.5800000429153442
2021-10-13,1793.699951171875,94.08000183105469,1.5490000247955322
2021-10-14,1796.699951171875,93.95999908447266,1.5190000534057617
2021-10-15,1767.199951171875,93.94000244140625,1.5759999752044678
2021-10-18,1764.800048828125,93.94999694824219,1.5839999914169312
2021-10-19,1769.699951171875,93.79000091552734,1.6349999904632568
2021-10-20,1784.0999755859375,93.55999755859375,1.6360000371932983
2021-10-21,1781.199951171875,93.7699966430664,1.6759999990463257
2021-10-22,1795.5,93.61000061035156,1.6549999713897705
2021-10-25,1806.0,93.80999755859375,1.6349999904632568
2021-10-26,1792.699951171875,93.94999694824219,1.61899995803833
2021-10-27,1797.9000244140625,93.86000061035156,1.5290000438690186
2021-10-28,1801.5999755859375,93.3499984741211,1.5679999589920044
2021-10-29,1783.0,94.12000274658203,1.5570000410079956
2021-11-01,1795.0999755859375,93.87999725341797,1.5750000476837158
2021-11-02,1788.699951171875,94.08999633789062,1.5490000247955322
2021-11-03,1763.5999755859375,93.86000061035156,1.5789999961853027
2021-11-04,1793.0,94.3499984741211,1.5240000486373901
2021-11-05,1816.4000244140625,94.31999969482422,1.4529999494552612
2021-11-08,1827.4000244140625,94.05000305175781,1.496999979019165
2021-11-09,1830.199951171875,93.95999908447266,1.4320000410079956
2021-11-10,1847.5999755859375,94.8499984741211,1.559999942779541
2021-11-11,1863.199951171875,95.18000030517578,1.559999942779541
2021-11-12,1867.9000244140625,95.12999725341797,1.5820000171661377
2021-11-15,1866.0999755859375,95.41000366210938,1.6230000257492065
2021-11-16,1853.5999755859375,95.91999816894531,1.6339999437332153
2021-11-17,1869.699951171875,95.83000183105469,1.6039999723434448
2021-11-18,1861.0,95.54000091552734,1.5889999866485596
2021-11-19,1851.199951171875,96.06999969482422,1.5360000133514404
2021-11-22,1806.0,96.5,1.625
2021-11-23,1783.5,96.48999786376953,1.6670000553131104
2021-11-24,1784.0999755859375,96.83999633789062,1.6449999809265137
2021-11-26,1785.300048828125,96.08999633789062,1.4819999933242798
2021-11-29,1782.300048828125,96.33999633789062,1.5299999713897705
2021-11-30,1773.5999755859375,95.98999786376953,1.4429999589920044
2021-12-01,1781.5999755859375,96.05000305175781,1.434000015258789
2021-12-02,1760.699951171875,96.12999725341797,1.4479999542236328
2021-12-03,1782.0,96.12000274658203,1.343000054359436
2021-12-06,1777.5,96.29000091552734,1.434000015258789
2021-12-07,1782.5999755859375,96.37000274658203,1.4800000190734863
2021-12-08,1783.4000244140625,95.88999938964844,1.5089999437332153
2021-12-09,1774.5999755859375,96.2699966430664,1.4869999885559082
2021-12-10,1782.9000244140625,96.05000305175781,1.4889999628067017
2021-12-13,1786.300048828125,96.31999969482422,1.4240000247955322
2021-12-14,1770.4000244140625,96.56999969482422,1.437999963760376
2021-12-15,1762.5999755859375,96.51000213623047,1.4630000591278076
2021-12-16,1796.5999755859375,96.04000091552734,1.4220000505447388
2021-12-17,1803.800048828125,96.56999969482422,1.4019999504089355
2021-12-20,1793.699951171875,96.55000305175781,1.4190000295639038
2021-12-21,1787.9000244140625,96.48999786376953,1.4869999885559082
2021-12-22,1801.5999755859375,96.08000183105469,1.4570000171661377
2021-12-23,1811.199951171875,96.0199966430664,1.4930000305175781
2021-12-27,1808.0999755859375,96.08999633789062,1.4809999465942383
2021-12-28,1810.199951171875,96.19999694824219,1.4809999465942383
2021-12-29,1805.0999755859375,95.93000030517578,1.5429999828338623
2021-12-30,1812.699951171875,95.97000122070312,1.5149999856948853
2021-12-31,1827.5,95.66999816894531,1.5119999647140503
2022-01-03,1799.4000244140625,96.23999786376953,1.628000020980835
2022-01-04,1814.0,96.29000091552734,1.6679999828338623
2022-01-05,1824.5999755859375,96.19000244140625,1.7050000429153442
2022-01-06,1788.699951171875,96.25,1.7330000400543213
2022-01-07,1797.0,95.73999786376953,1.7710000276565552
2022-01-10,1798.4000244140625,95.98999786376953,1.7799999713897705
2022-01-11,1818.5999755859375,95.62000274658203,1.746000051498413
2022-01-12,1827.199951171875,95.0,1.725000023841858
2022-01-13,1821.199951171875,94.79000091552734,1.7109999656677246
2022-01-14,1816.5,95.16999816894531,1.7719999551773071
2022-01-18,1812.300048828125,95.7300033569336,1.8650000095367432
2022-01-19,1843.0999755859375,95.51000213623047,1.8270000219345093
2022-01-20,1842.5,95.73999786376953,1.8329999446868896
2022-01-21,1831.800048828125,95.63999938964844,1.746999979019165
2022-01-24,1841.699951171875,95.91999816894531,1.7350000143051147
2022-01-25,1852.699951171875,95.94999694824219,1.7829999923706055
2022-01-26,1829.9000244140625,96.48999786376953,1.8480000495910645
2022-01-27,1793.300048828125,97.26000213623047,1.8070000410079956
2022-01-28,1784.9000244140625,97.2699966430664,1.781999945640564
2022-01-31,1795.0,96.54000091552734,1.781999945640564
2022-02-01,1800.300048828125,96.38999938964844,1.7999999523162842
2022-02-02,1809.199951171875,95.94000244140625,1.7660000324249268
2022-02-03,1803.0,95.37999725341797,1.8270000219345093
2022-02-04,1806.5999755859375,95.4800033569336,1.9299999475479126
2022-02-07,1820.5999755859375,95.4000015258789,1.9160000085830688
2022-02-08,1826.5999755859375,95.63999938964844,1.9539999961853027
2022-02-09,1835.199951171875,95.48999786376953,1.9290000200271606
2022-02-10,1836.199951171875,95.55000305175781,2.0309998989105225
2022-02-11,1840.800048828125,96.08000183105469,1.9550000429153442
2022-02-14,1868.0,96.37000274658203,1.996000051498413
2022-02-15,1854.800048828125,95.98999786376953,2.0450000762939453
2022-02-16,1870.199951171875,95.69999694824219,2.046999931335449
2022-02-17,1900.699951171875,95.80000305175781,1.972000002861023
2022-02-18,1898.5999755859375,96.04000091552734,1.9320000410079956
2022-02-22,1906.0999755859375,96.02999877929688,1.9479999542236328
2022-02-23,1909.199951171875,96.19000244140625,1.9769999980926514
2022-02-24,1925.0999755859375,97.13999938964844,1.968999981880188
2022-02-25,1886.5,96.62000274658203,1.9859999418258667
2022-02-28,1899.4000244140625,96.70999908447266,1.8389999866485596
2022-03-01,1942.4000244140625,97.41000366210938,1.7070000171661377
2022-03-02,1920.9000244140625,97.38999938964844,1.8650000095367432
2022-03-03,1934.4000244140625,97.79000091552734,1.843999981880188
2022-03-04,1965.0999755859375,98.6500015258789,1.7239999771118164
2022-03-07,1993.9000244140625,99.29000091552734,1.7510000467300415
2022-03-08,2040.0999755859375,99.05999755859375,1.871999979019165
2022-03-09,1985.9000244140625,97.97000122070312,1.9479999542236328
2022-03-10,1998.0999755859375,98.51000213623047,2.010999917984009
2022-03-11,1982.699951171875,99.12000274658203,2.003999948501587
2022-03-14,1959.5999755859375,99.05999755859375,2.140000104904175
2022-03-15,1928.5,99.06999969482422,2.1600000858306885
2022-03-16,1908.0,98.37999725341797,2.187999963760376
2022-03-17,1942.0999755859375,98.01000213623047,2.191999912261963
2022-03-18,1928.199951171875,98.2300033569336,2.1480000019073486
2022-03-21,1928.5999755859375,98.5,2.315000057220459
2022-03-22,1920.699951171875,98.48999786376953,2.372999906539917
2022-03-23,1936.5999755859375,98.62000274658203,2.321000099182129
2022-03-24,1961.5999755859375,98.79000091552734,2.3410000801086426
2022-03-25,1953.800048828125,98.80999755859375,2.492000102996826
2022-03-28,1939.5999755859375,99.08999633789062,2.4769999980926514
2022-03-29,1912.0,98.4000015258789,2.4000000953674316
2022-03-30,1933.5,97.79000091552734,2.3580000400543213
2022-03-31,1949.199951171875,98.30999755859375,2.3269999027252197
2022-04-01,1919.0999755859375,98.62999725341797,2.377000093460083
2022-04-04,1929.199951171875,98.98999786376953,2.4119999408721924
2022-04-05,1922.9000244140625,99.47000122070312,2.555999994277954
2022-04-06,1918.4000244140625,99.5999984741211,2.6089999675750732
2022-04-07,1933.800048828125,99.75,2.6519999504089355
2022-04-08,1941.5999755859375,99.80000305175781,2.7130000591278076
2022-04-11,1944.300048828125,99.93000030517578,2.7799999713897705
2022-04-12,1972.0999755859375,100.29000091552734,2.7249999046325684
2022-04-13,1981.0,99.87999725341797,2.687000036239624
2022-04-14,1970.9000244140625,100.31999969482422,2.828000068664551
2022-04-18,1982.9000244140625,100.77999877929688,2.861999988555908
2022-04-19,1955.699951171875,100.95999908447266,2.9130001068115234
2022-04-20,1952.300048828125,100.38999938964844,2.8399999141693115
2022-04-21,1944.9000244140625,100.58000183105469,2.9170000553131104
2022-04-22,1931.0,101.22000122070312,2.9059998989105225
2022-04-25,1893.199951171875,101.75,2.8259999752044678
2022-04-26,1901.4000244140625,102.30000305175781,2.7720000743865967
2022-04-27,1885.9000244140625,102.94999694824219,2.818000078201294
2022-04-28,1888.699951171875,103.62000274658203,2.86299991607666
2022-04-29,1909.300048828125,102.95999908447266,2.88700008392334
2022-05-02,1861.800048828125,103.73999786376953,2.996000051498413
2022-05-03,1868.800048828125,103.47000122070312,2.9600000381469727
2022-05-04,1867.0,102.58999633789062,2.9170000553131104
2022-05-05,1874.0,103.75,3.065999984741211
2022-05-06,1881.199951171875,103.66000366210938,3.122999906539917
2022-05-09,1857.0999755859375,103.6500015258789,3.0789999961853027
2022-05-10,1839.9000244140625,103.91999816894531,2.993000030517578
2022-05-11,1852.5999755859375,103.8499984741211,2.9210000038146973
2022-05-12,1823.800048828125,104.8499984741211,2.816999912261963
2022-05-13,1807.4000244140625,104.55999755859375,2.934999942779541
2022-05-16,1813.5,104.19000244140625,2.877000093460083
2022-05-17,1818.199951171875,103.36000061035156,2.9679999351501465
2022-05-18,1815.9000244140625,103.80999755859375,2.885999917984009
2022-05-19,1841.199951171875,102.72000122070312,2.8550000190734863
2022-05-20,1841.800048828125,103.1500015258789,2.7869999408721924
2022-05-23,1847.800048828125,102.08000183105469,2.8589999675750732
2022-05-24,1865.0999755859375,101.86000061035156,2.759999990463257
2022-05-25,1846.199951171875,102.05999755859375,2.749000072479248
2022-05-26,1847.4000244140625,101.83000183105469,2.75600004196167
2022-05-27,1851.300048828125,101.66999816894531,2.743000030517578
2022-05-31,1842.699951171875,101.75,2.8440001010894775
2022-06-01,1843.300048828125,102.55000305175781,2.930999994277954
2022-06-02,1866.5,101.7699966430664,2.9130001068115234
2022-06-03,1845.4000244140625,102.13999938964844,2.9570000171661377
2022-06-06,1839.199951171875,102.44000244140625,3.0380001068115234
2022-06-07,1847.5,102.31999969482422,2.9719998836517334
2022-06-08,1851.9000244140625,102.54000091552734,3.0290000438690186
2022-06-09,1848.800048828125,103.22000122070312,3.0439999103546143
2022-06-10,1871.5,104.1500015258789,3.1559998989105225
2022-06-13,1828.0,105.08000183105469,3.365999937057495
2022-06-14,1809.5,105.5199966430664,3.4830000400543213
2022-06-15,1815.300048828125,105.16000366210938,3.3949999809265137
2022-06-16,1845.699951171875,103.62999725341797,3.306999921798706
2022-06-17,1835.5999755859375,104.69999694824219,3.239000082015991
2022-06-21,1834.5999755859375,104.44000244140625,3.306999921798706
2022-06-22,1834.300048828125,104.19999694824219,3.1559998989105225
2022-06-23,1825.699951171875,104.43000030517578,3.068000078201294
2022-06-24,1826.5,104.19000244140625,3.125
2022-06-27,1820.9000244140625,103.94000244140625,3.194000005722046
2022-06-28,1817.5,104.51000213623047,3.2060000896453857
2022-06-29,1813.699951171875,105.11000061035156,3.0929999351501465
2022-06-30,1804.0999755859375,104.69000244140625,2.9719998836517334
2022-07-01,1798.9000244140625,105.13999938964844,2.8889999389648438
2022-07-05,1761.800048828125,106.5,2.809000015258789
2022-07-06,1734.9000244140625,107.0999984741211,2.9130001068115234
2022-07-07,1737.9000244140625,107.12999725341797,3.007999897003174
2022-07-08,1740.5999755859375,107.01000213623047,3.1010000705718994
2022-07-11,1730.0,108.0199966430664,2.990999937057495
2022-07-12,1723.300048828125,108.06999969482422,2.9579999446868896
2022-07-13,1734.199951171875,107.95999908447266,2.9040000438690186
2022-07-14,1704.5,108.54000091552734,2.9600000381469727
2022-07-15,1702.4000244140625,108.05999755859375,2.930000066757202
2022-07-18,1709.199951171875,107.37000274658203,2.9600000381469727
2022-07-19,1710.0,106.68000030517578,3.0190000534057617
2022-07-20,1699.5,107.08000183105469,3.0360000133514404
2022-07-21,1712.699951171875,106.91000366210938,2.9100000858306885
2022-07-22,1727.0999755859375,106.7300033569336,2.7829999923706055
2022-07-25,1719.0,106.4800033569336,2.819999933242798
2022-07-26,1717.699951171875,107.19000244140625,2.7869999408721924
2022-07-27,1719.0999755859375,106.44999694824219,2.7339999675750732
2022-07-28,1750.300048828125,106.3499984741211,2.680999994277954
2022-07-29,1762.9000244140625,105.9000015258789,2.6419999599456787
2022-08-01,1769.0,105.44999694824219,2.6059999465942383
2022-08-02,1771.0999755859375,106.23999786376953,2.740999937057495
2022-08-03,1758.0,106.51000213623047,2.747999906539917
2022-08-04,1788.5,105.69000244140625,2.6760001182556152
2022-08-05,1772.9000244140625,106.62000274658203,2.8399999141693115
2022-08-08,1786.800048828125,106.44000244140625,2.765000104904175
2022-08-09,1794.0,106.37000274658203,2.796999931335449
2022-08-10,1795.5999755859375,105.19999694824219,2.7860000133514404
2022-08-11,1789.699951171875,105.08999633789062,2.888000011444092
2022-08-12,1798.5999755859375,105.62999725341797,2.8489999771118164
2022-08-15,1781.4000244140625,106.55000305175781,2.7909998893737793
2022-08-16,1773.199951171875,106.5,2.8239998817443848
2022-08-17,1760.300048828125,106.56999969482422,2.8929998874664307
2022-08-18,1755.300048828125,107.4800033569336,2.880000114440918
2022-08-19,1747.5999755859375,108.16999816894531,2.989000082015991
2022-08-22,1734.0,109.05000305175781,3.0369999408721924
2022-08-23,1746.800048828125,108.62000274658203,3.053999900817871
2022-08-24,1747.800048828125,108.68000030517578,3.1059999465942383
2022-08-25,1757.699951171875,108.47000122070312,3.0260000228881836
2022-08-26,1736.0999755859375,108.80000305175781,3.0350000858306885
2022-08-29,1736.5999755859375,108.83999633789062,3.109999895095825
2022-08-30,1723.199951171875,108.7699966430664,3.109999895095825
2022-08-31,1712.800048828125,108.69999694824219,3.132999897003174
2022-09-01,1696.5999755859375,109.69000244140625,3.265000104904175
2022-09-02,1709.800048828125,109.52999877929688,3.193000078201294
2022-09-06,1700.4000244140625,110.20999908447266,3.3399999141693115
2022-09-07,1715.300048828125,109.83999633789062,3.265000104904175
2022-09-08,1708.0,109.70999908447266,3.2920000553131104
2022-09-09,1716.199951171875,109.0,3.321000099182129
2022-09-12,1728.0999755859375,108.33000183105469,3.361999988555908
2022-09-13,1705.0,109.81999969482422,3.421999931335449
2022-09-14,1696.5,109.66000366210938,3.4119999408721924
2022-09-15,1665.4000244140625,109.73999786376953,3.4590001106262207
2022-09-16,1671.699951171875,109.76000213623047,3.447999954223633
2022-09-19,1666.199951171875,109.73999786376953,3.490000009536743
2022-09-20,1659.699951171875,110.22000122070312,3.571000099182129
2022-09-21,1664.5999755859375,110.63999938964844,3.509999990463257
2022-09-22,1670.800048828125,111.3499984741211,3.7079999446868896
2022-09-23,1645.300048828125,113.19000244140625,3.697000026702881
2022-09-26,1623.300048828125,114.0999984741211,3.878000020980835
2022-09-27,1626.699951171875,114.11000061035156,3.9639999866485596
2022-09-28,1660.4000244140625,112.5999984741211,3.7049999237060547
2022-09-29,1658.5,112.25,3.746999979019165
2022-09-30,1662.4000244140625,112.12000274658203,3.803999900817871
2022-10-03,1692.9000244140625,111.75,3.6510000228881836
2022-10-04,1721.0999755859375,110.06999969482422,3.617000102996826
2022-10-05,1711.4000244140625,111.06999969482422,3.759000062942505
2022-10-06,1711.699951171875,112.26000213623047,3.8259999752044678
2022-10-07,1700.5,112.80000305175781,3.882999897003174
2022-10-10,1667.300048828125,113.13999938964844,3.888000011444092
2022-10-11,1678.699951171875,113.22000122070312,3.938999891281128
2022-10-12,1670.300048828125,113.31999969482422,3.9019999504089355
2022-10-13,1670.0,112.36000061035156,3.9519999027252197
2022-10-14,1641.699951171875,113.30999755859375,4.010000228881836
2022-10-17,1657.0,112.04000091552734,4.014999866485596
2022-10-18,1649.0,112.12999725341797,3.997999906539917
2022-10-19,1627.5,112.9800033569336,4.126999855041504
2022-10-20,1630.800048828125,112.87999725341797,4.22599983215332
2022-10-21,1651.0,112.01000213623047,4.2129998207092285
2022-10-24,1648.699951171875,111.98999786376953,4.234000205993652
2022-10-25,1652.800048828125,110.94999694824219,4.107999801635742
2022-10-26,1664.0,109.69999694824219,4.014999866485596
2022-10-27,1660.699951171875,110.58999633789062,3.937000036239624
2022-10-28,1639.5999755859375,110.66999816894531,4.010000228881836
2022-10-31,1635.9000244140625,111.52999877929688,4.077000141143799
2022-11-01,1645.0,111.4800033569336,4.052000045776367
2022-11-02,1645.699951171875,111.3499984741211,4.059000015258789
2022-11-03,1627.300048828125,112.93000030517578,4.124000072479248
2022-11-04,1672.5,110.87999725341797,4.156000137329102
2022-11-07,1676.5,110.12000274658203,4.214000225067139
2022-11-08,1712.0999755859375,109.62000274658203,4.125999927520752
2022-11-09,1710.0999755859375,110.55000305175781,4.151000022888184
2022-11-10,1750.300048828125,108.20999908447266,3.8289999961853027
2022-11-11,1766.0,106.29000091552734,3.812999963760376
2022-11-14,1773.5999755859375,106.66000366210938,3.865000009536743
2022-11-15,1773.800048828125,106.4000015258789,3.7990000247955322
2022-11-16,1773.0,106.27999877929688,3.691999912261963
2022-11-17,1760.800048828125,106.69000244140625,3.7750000953674316
2022-11-18,1751.9000244140625,106.93000030517578,3.818000078201294
2022-11-21,1737.4000244140625,107.83999633789062,3.825000047683716
2022-11-22,1738.300048828125,107.22000122070312,3.757999897003174
2022-11-23,1744.9000244140625,106.08000183105469,3.7060000896453857
2022-11-25,1753.300048828125,105.95999908447266,3.690999984741211
2022-11-28,1740.0999755859375,106.68000030517578,3.703000068664551
2022-11-29,1748.4000244140625,106.81999969482422,3.747999906539917
2022-11-30,1746.0,105.94999694824219,3.703000068664551
2022-12-01,1801.0999755859375,104.7300033569336,3.5290000438690186
2022-12-02,1795.9000244140625,104.55000305175781,3.50600004196167
2022-12-05,1767.4000244140625,105.29000091552734,3.5989999771118164
2022-12-06,1769.300048828125,105.58000183105469,3.513000011444092
2022-12-07,1785.5,105.0999984741211,3.4079999923706055
2022-12-08,1788.699951171875,104.7699966430664,3.490999937057495
2022-12-09,1798.0999755859375,104.80999755859375,3.566999912261963
2022-12-12,1780.5,105.12999725341797,3.6110000610351562
2022-12-13,1813.9000244140625,103.9800033569336,3.500999927520752
2022-12-14,1807.5,103.7699966430664,3.503000020980835
2022-12-15,1777.199951171875,104.55999755859375,3.450000047683716
2022-12-16,1790.0,104.69999694824219,3.4820001125335693
2022-12-19,1787.699951171875,104.72000122070312,3.5810000896453857
2022-12-20,1815.9000244140625,103.97000122070312,3.684000015258789
2022-12-21,1815.9000244140625,104.16000366210938,3.684000015258789
2022-12-22,1787.0,104.43000030517578,3.6689999103546143
2022-12-23,1795.9000244140625,104.30999755859375,3.750999927520752
2022-12-27,1814.800048828125,104.18000030517578,3.859999895095825
2022-12-28,1807.9000244140625,104.45999908447266,3.88700008392334
2022-12-29,1819.5,103.83999633789062,3.8350000381469727
2022-12-30,1819.699951171875,103.5199966430664,3.878999948501587
2023-01-03,1839.699951171875,104.5199966430664,3.7929999828338623
2023-01-04,1852.800048828125,104.25,3.7090001106262207
2023-01-05,1834.800048828125,105.04000091552734,3.7200000286102295
2023-01-06,1864.199951171875,103.87999725341797,3.569000005722046
2023-01-09,1872.699951171875,103.0,3.5169999599456787
2023-01-10,1871.5999755859375,103.23999786376953,3.621000051498413
2023-01-11,1874.5999755859375,103.19000244140625,3.553999900817871
2023-01-12,1895.5,102.25,3.4489998817443848
2023-01-13,1918.4000244140625,102.19999694824219,3.510999917984009
2023-01-17,1907.199951171875,102.38999938964844,3.5350000858306885
2023-01-18,1904.4000244140625,102.36000061035156,3.375
2023-01-19,1922.0999755859375,102.05999755859375,3.3970000743865967
2023-01-20,1926.4000244140625,102.01000213623047,3.4839999675750732
2023-01-23,1927.0999755859375,102.13999938964844,3.5250000953674316
2023-01-24,1933.9000244140625,101.91999816894531,3.4690001010894775
2023-01-25,1941.199951171875,101.63999938964844,3.4619998931884766
2023-01-26,1929.0999755859375,101.83999633789062,3.493000030517578
2023-01-27,1928.5999755859375,101.93000030517578,3.5179998874664307
2023-01-30,1922.9000244140625,102.27999877929688,3.5510001182556152
2023-01-31,1929.5,102.0999984741211,3.5290000438690186
2023-02-01,1927.800048828125,101.22000122070312,3.3970000743865967
2023-02-02,1916.300048828125,101.75,3.3959999084472656
2023-02-03,1862.9000244140625,102.91999816894531,3.5320000648498535
2023-02-06,1866.199951171875,103.62000274658203,3.634000062942505
2023-02-07,1871.699951171875,103.43000030517578,3.6740000247955322
2023-02-08,1877.4000244140625,103.41000366210938,3.6530001163482666
2023-02-09,1866.199951171875,103.22000122070312,3.683000087738037
2023-02-10,1862.800048828125,103.62999725341797,3.74399995803833
2023-02-13,1851.9000244140625,103.3499984741211,3.7170000076293945
2023-02-14,1854.0,103.2300033569336,3.760999917984009
2023-02-15,1834.199951171875,103.91999816894531,3.809000015258789
2023-02-16,1842.0,103.86000061035156,3.8429999351501465
2023-02-17,1840.4000244140625,103.86000061035156,3.828000068664551
2023-02-21,1833.0,104.18000030517578,3.9549999237060547
2023-02-22,1832.0,104.58999633789062,3.9230000972747803
2023-02-23,1818.0,104.5999984741211,3.878999948501587
2023-02-24,1808.800048828125,105.20999908447266,3.9489998817443848
2023-02-27,1817.0,104.66999816894531,3.921999931335449
2023-02-28,1828.9000244140625,104.87000274658203,3.9159998893737793
2023-03-01,1837.699951171875,104.4800033569336,3.99399995803833
2023-03-02,1833.5,105.02999877929688,4.072999954223633
2023-03-03,1847.699951171875,104.5199966430664,3.9639999866485596
2023-03-06,1847.9000244140625,104.3499984741211,3.9830000400543213
2023-03-07,1813.9000244140625,105.62000274658203,3.9749999046325684
2023-03-08,1812.699951171875,105.66000366210938,3.9760000705718994
2023-03-09,1829.300048828125,105.30999755859375,3.924999952316284
2023-03-10,1862.0,104.58000183105469,3.694999933242798
2023-03-13,1911.699951171875,103.5999984741211,3.515000104904175
2023-03-14,1906.199951171875,103.5999984741211,3.638000011444092
2023-03-15,1926.5999755859375,104.6500015258789,3.492000102996826
2023-03-16,1919.0,104.41999816894531,3.5850000381469727
2023-03-17,1969.800048828125,103.70999908447266,3.3949999809265137
2023-03-20,1979.199951171875,103.27999877929688,3.4809999465942383
2023-03-21,1938.0,103.26000213623047,3.6059999465942383
2023-03-22,1946.800048828125,102.3499984741211,3.5
2023-03-23,1993.800048828125,102.52999877929688,3.4059998989105225
2023-03-24,1982.0999755859375,103.12000274658203,3.380000114440918
2023-03-27,1952.4000244140625,102.86000061035156,3.5280001163482666
2023-03-28,1972.4000244140625,102.43000030517578,3.563999891281128
2023-03-29,1966.0999755859375,102.63999938964844,3.565999984741211
2023-03-30,1980.300048828125,102.13999938964844,3.5510001182556152
2023-03-31,1969.0,102.51000213623047,3.49399995803833
2023-04-03,1983.9000244140625,102.08999633789062,3.430000066757202
2023-04-04,2022.199951171875,101.58999633789062,3.3369998931884766
2023-04-05,2020.9000244140625,101.8499984741211,3.2869999408721924
2023-04-06,2011.9000244140625,101.81999969482422,3.2880001068115234
2023-04-10,1989.0999755859375,102.58000183105469,3.4149999618530273
2023-04-11,2004.800048828125,102.19999694824219,3.434000015258789
2023-04-12,2010.9000244140625,101.5,3.4210000038146973
2023-04-13,2041.300048828125,101.01000213623047,3.4519999027252197
2023-04-14,2002.199951171875,101.55000305175781,3.5220000743865967
2023-04-17,1994.199951171875,102.0999984741211,3.5910000801086426
2023-04-18,2007.4000244140625,101.75,3.572000026702881
2023-04-19,1995.199951171875,101.97000122070312,3.6019999980926514
2023-04-20,2007.5999755859375,101.83999633789062,3.5450000762939453
2023-04-21,1979.5,101.81999969482422,3.569999933242798
2023-04-24,1989.0999755859375,101.3499984741211,3.515000104904175
2023-04-25,1994.0,101.86000061035156,3.3959999084472656
2023-04-26,1985.699951171875,101.47000122070312,3.431999921798706
2023-04-27,1989.9000244140625,101.5,3.5280001163482666
2023-04-28,1990.0999755859375,101.66999816894531,3.4519999027252197
2023-05-01,1983.4000244140625,102.1500015258789,3.5739998817443848
2023-05-02,2014.300048828125,101.95999908447266,3.438999891281128
2023-05-03,2028.5999755859375,101.33999633789062,3.4030001163482666
2023-05-04,2048.0,101.4000015258789,3.3510000705718994
2023-05-05,2017.4000244140625,101.20999908447266,3.446000099182129
2023-05-08,2026.300048828125,101.37000274658203,3.5209999084472656
2023-05-09,2036.199951171875,101.63999938964844,3.5209999084472656
2023-05-10,2030.5,101.4800033569336,3.438999891281128
2023-05-11,2014.699951171875,102.05999755859375,3.3970000743865967
2023-05-12,2014.5,102.68000030517578,3.4630000591278076
2023-05-15,2018.0,102.43000030517578,3.507999897003174
2023-05-16,1988.4000244140625,102.55999755859375,3.5490000247955322
2023-05-17,1980.699951171875,102.87999725341797,3.5810000896453857
2023-05-18,1956.5,103.58000183105469,3.6480000019073486
2023-05-19,1978.699951171875,103.19999694824219,3.691999912261963
2023-05-22,1974.800048828125,103.19999694824219,3.7190001010894775
2023-05-23,1972.4000244140625,103.48999786376953,3.697999954223633
2023-05-24,1962.800048828125,103.88999938964844,3.7190001010894775
2023-05-25,1943.0999755859375,104.20999908447266,3.813999891281128
2023-05-26,1944.0999755859375,104.20999908447266,3.809999942779541
2023-05-30,1958.0,104.16999816894531,3.700000047683716
2023-05-31,1963.9000244140625,104.31999969482422,3.63700008392334
2023-06-01,1978.0,103.55999755859375,3.6080000400543213
2023-06-02,1952.4000244140625,104.0199966430664,3.690999984741211
2023-06-05,1958.0,104.0,3.693000078201294
2023-06-06,1965.5,104.12999725341797,3.6989998817443848
2023-06-07,1942.699951171875,104.0999984741211,3.7839999198913574
2023-06-08,1963.5999755859375,103.33999633789062,3.7139999866485596
2023-06-09,1962.199951171875,103.55999755859375,3.744999885559082
2023-06-12,1955.300048828125,103.62999725341797,3.765000104904175
2023-06-13,1944.5999755859375,103.33999633789062,3.8389999866485596
2023-06-14,1955.300048828125,103.01000213623047,3.7960000038146973
2023-06-15,1957.800048828125,102.12000274658203,3.7279999256134033
2023-06-16,1958.4000244140625,102.30000305175781,3.7690000534057617
2023-06-20,1935.5,102.54000091552734,3.7290000915527344
2023-06-21,1933.300048828125,102.06999969482422,3.7230000495910645
2023-06-22,1912.699951171875,102.38999938964844,3.7990000247955322
2023-06-23,1919.0999755859375,102.9000015258789,3.739000082015991
2023-06-26,1923.699951171875,102.69000244140625,3.7190001010894775
2023-06-27,1914.0,102.48999786376953,3.7679998874664307
2023-06-28,1912.300048828125,102.91000366210938,3.7100000381469727
2023-06-29,1909.199951171875,103.33999633789062,3.8540000915527344
2023-06-30,1921.0999755859375,102.91000366210938,3.819000005722046
2023-07-03,1921.699951171875,102.98999786376953,3.8580000400543213
2023-07-05,1919.5999755859375,103.37000274658203,3.944999933242798
2023-07-06,1908.699951171875,103.16999816894531,4.040999889373779
2023-07-07,1926.199951171875,102.2699966430664,4.050000190734863
2023-07-10,1925.0,101.97000122070312,4.00600004196167
2023-07-11,1931.300048828125,101.7300033569336,3.9800000190734863
2023-07-12,1956.199951171875,100.5199966430664,3.8610000610351562
2023-07-13,1959.199951171875,99.7699966430664,3.760999917984009
2023-07-14,1960.0999755859375,99.91000366210938,3.819000005722046
2023-07-17,1952.4000244140625,99.83999633789062,3.796999931335449
2023-07-18,1977.199951171875,99.94000244140625,3.7890000343322754
2023-07-19,1977.5,100.27999877929688,3.742000102996826
2023-07-20,1968.300048828125,100.87999725341797,3.8540000915527344
2023-07-21,1964.300048828125,101.06999969482422,3.8369998931884766
2023-07-24,1960.300048828125,101.3499984741211,3.8570001125335693
2023-07-25,1962.0999755859375,101.3499984741211,3.9119999408721924
2023-07-26,1968.9000244140625,100.88999938964844,3.8510000705718994
2023-07-27,1945.4000244140625,101.7699966430664,4.01200008392334
2023-07-28,1960.4000244140625,101.62000274658203,3.9690001010894775
2023-07-31,1970.5,101.86000061035156,3.9590001106262207
2023-08-01,1940.699951171875,102.30000305175781,4.051000118255615
2023-08-02,1937.4000244140625,102.58999633789062,4.078000068664551
2023-08-03,1932.0,102.54000091552734,4.189000129699707
2023-08-04,1939.5999755859375,102.0199966430664,4.059999942779541
2023-08-07,1933.5,102.05000305175781,4.078000068664551
2023-08-08,1924.0999755859375,102.52999877929688,4.026000022888184
2023-08-09,1915.4000244140625,102.48999786376953,4.01200008392334
2023-08-10,1914.4000244140625,102.5199966430664,4.079999923706055
2023-08-11,1912.9000244140625,102.83999633789062,4.168000221252441
2023-08-14,1910.5999755859375,103.19000244140625,4.184000015258789
2023-08-15,1902.5,103.20999908447266,4.2210001945495605
2023-08-16,1896.0999755859375,103.41999816894531,4.257999897003174
2023-08-17,1884.0999755859375,103.44000244140625,4.308000087738037
2023-08-18,1886.0999755859375,103.37999725341797,4.250999927520752
2023-08-21,1893.300048828125,103.33000183105469,4.3420000076293945
2023-08-22,1896.4000244140625,103.55999755859375,4.328000068664551
2023-08-23,1918.5,103.36000061035156,4.197999954223633
2023-08-24,1918.199951171875,103.9800033569336,4.235000133514404
2023-08-25,1911.0999755859375,104.08000183105469,4.238999843597412
2023-08-28,1917.9000244140625,104.05999755859375,4.211999893188477
2023-08-29,1936.5,103.55000305175781,4.122000217437744
2023-08-30,1944.300048828125,103.16000366210938,4.118000030517578
2023-08-31,1938.199951171875,103.62000274658203,4.0929999351501465
2023-09-01,1939.800048828125,104.23999786376953,4.172999858856201
2023-09-05,1926.199951171875,104.80999755859375,4.26800012588501
2023-09-06,1918.0999755859375,104.86000061035156,4.289999961853027
2023-09-07,1917.5,105.05999755859375,4.260000228881836
2023-09-08,1918.4000244140625,105.08999633789062,4.257999897003174
2023-09-11,1923.300048828125,104.56999969482422,4.288000106811523
2023-09-12,1911.300048828125,104.70999908447266,4.263999938964844
2023-09-13,1909.0999755859375,104.7699966430664,4.249000072479248
2023-09-14,1910.0,105.41000366210938,4.288000106811523
2023-09-15,1923.699951171875,105.31999969482422,4.322000026702881
2023-09-18,1931.5,105.19999694824219,4.318999767303467
2023-09-19,1932.0,105.19999694824219,4.364999771118164
2023-09-20,1945.5999755859375,105.16000366210938,4.348999977111816
2023-09-21,1919.199951171875,105.36000061035156,4.480000019073486
2023-09-22,1925.4000244140625,105.58000183105469,4.438000202178955
2023-09-25,1916.5999755859375,106.0,4.541999816894531
2023-09-26,1900.4000244140625,106.2300033569336,4.558000087738037
2023-09-27,1871.5999755859375,106.66999816894531,4.625999927520752
2023-09-28,1860.4000244140625,106.22000122070312,4.5970001220703125
2023-09-29,1848.0999755859375,106.16999816894531,4.572999954223633
2023-10-02,1830.0,106.9000015258789,4.683000087738037
2023-10-03,1824.5999755859375,107.0,4.802000045776367
2023-10-04,1818.5,106.80000305175781,4.735000133514404
2023-10-05,1816.5999755859375,106.33000183105469,4.7170000076293945
2023-10-06,1830.199951171875,106.04000091552734,4.783999919891357
2023-10-09,1849.5,106.08000183105469,4.796999931335449
2023-10-10,1861.0,105.83000183105469,4.65500020980835
2023-10-11,1872.800048828125,105.81999969482422,4.59499979019165
2023-10-12,1869.300048828125,106.56999969482422,4.711999893188477
2023-10-13,1927.4000244140625,106.6500015258789,4.629000186920166
2023-10-16,1921.0999755859375,106.23999786376953,4.711999893188477
2023-10-17,1922.699951171875,106.25,4.8470001220703125
2023-10-18,1955.300048828125,106.56999969482422,4.9039998054504395
2023-10-19,1968.4000244140625,106.25,4.98799991607666
2023-10-20,1982.5,106.16000366210938,4.923999786376953
2023-10-23,1976.300048828125,105.54000091552734,4.8379998207092285
2023-10-24,1975.0,106.2699966430664,4.840000152587891
2023-10-25,1984.0999755859375,106.52999877929688,4.953000068664551
2023-10-26,1987.199951171875,106.5999984741211,4.84499979019165
2023-10-27,1988.5999755859375,106.55999755859375,4.84499979019165
2023-10-30,1996.199951171875,106.12000274658203,4.875
2023-10-31,1985.199951171875,106.66000366210938,4.875
2023-11-01,1978.800048828125,106.87999725341797,4.789000034332275
2023-11-02,1985.5999755859375,106.12000274658203,4.669000148773193
2023-11-03,1991.5,105.0199966430664,4.558000087738037
2023-11-06,1981.5999755859375,105.22000122070312,4.6620001792907715
2023-11-07,1966.800048828125,105.54000091552734,4.571000099182129
2023-11-08,1951.5,105.58999633789062,4.5229997634887695
2023-11-09,1964.199951171875,105.91000366210938,4.630000114440918
2023-11-10,1932.5999755859375,105.86000061035156,4.627999782562256
2023-11-13,1945.5,105.66000366210938,4.631999969482422
2023-11-14,1961.800048828125,104.11000061035156,4.440999984741211
2023-11-15,1960.0999755859375,104.38999938964844,4.534999847412109
2023-11-16,1983.9000244140625,104.37000274658203,4.445000171661377
2023-11-17,1981.5999755859375,103.81999969482422,4.440999984741211
2023-11-20,1977.699951171875,103.47000122070312,4.421999931335449
2023-11-21,1999.300048828125,103.58999633789062,4.418000221252441
2023-11-22,1991.4000244140625,103.91999816894531,4.415999889373779
2023-11-24,2002.199951171875,103.4000015258789,4.4720001220703125
2023-11-27,2011.800048828125,103.19999694824219,4.388999938964844
2023-11-28,2039.699951171875,102.75,4.335999965667725
2023-11-29,2047.0999755859375,102.7699966430664,4.270999908447266
2023-11-30,2038.0999755859375,103.5,4.3520002365112305
2023-12-01,2071.0,103.2699966430664,4.22599983215332
2023-12-04,2024.0999755859375,103.63999938964844,4.288000106811523
2023-12-05,2018.5,104.05000305175781,4.171000003814697
2023-12-06,2030.5,104.1500015258789,4.120999813079834
2023-12-07,2029.9000244140625,103.54000091552734,4.129000186920166
2023-12-08,1998.300048828125,104.01000213623047,4.244999885559082
2023-12-11,1978.0,104.0999984741211,4.238999843597412
2023-12-12,1977.800048828125,103.87000274658203,4.205999851226807
2023-12-13,1982.300048828125,102.87000274658203,4.0329999923706055
2023-12-14,2030.199951171875,101.95999908447266,3.930000066757202
2023-12-15,2021.0999755859375,102.55000305175781,3.927999973297119
2023-12-18,2026.300048828125,102.51000213623047,3.9539999961853027
2023-12-19,2038.4000244140625,102.16999816894531,3.921999931335449
2023-12-20,2034.5,102.41000366210938,3.877000093460083
2023-12-21,2039.0999755859375,101.83999633789062,3.8940000534057617
2023-12-22,2057.10009765625,101.69999694824219,3.9010000228881836
2023-12-26,2058.199951171875,101.47000122070312,3.885999917984009
2023-12-27,2081.89990234375,100.98999786376953,3.7890000343322754
2023-12-28,2073.89990234375,101.2300033569336,3.8499999046325684
2023-12-29,2062.39990234375,101.33000183105469,3.865999937057495
2024-01-02,2064.39990234375,102.19999694824219,3.946000099182129
2024-01-03,2034.199951171875,102.45999908447266,3.9070000648498535
2024-01-04,2042.300048828125,102.41999816894531,3.990999937057495
2024-01-05,2042.4000244140625,102.41000366210938,4.041999816894531
2024-01-08,2026.5999755859375,102.20999908447266,4.001999855041504
2024-01-09,2026.4000244140625,102.56999969482422,4.019000053405762
2024-01-10,2021.699951171875,102.36000061035156,4.03000020980835
2024-01-11,2014.300048828125,102.29000091552734,3.9769999980926514
2024-01-12,2046.699951171875,102.4000015258789,3.950000047683716
2024-01-16,2026.0,103.36000061035156,4.065999984741211
2024-01-17,2002.5999755859375,103.44999694824219,4.105999946594238
2024-01-18,2018.5999755859375,103.54000091552734,4.144000053405762
2024-01-19,2026.5,103.29000091552734,4.145999908447266
2024-01-22,2019.800048828125,103.33000183105469,4.093999862670898
2024-01-23,2023.699951171875,103.62000274658203,4.142000198364258
2024-01-24,2013.9000244140625,103.23999786376953,4.177999973297119
2024-01-25,2016.9000244140625,103.56999969482422,4.131999969482422
2024-01-26,2016.800048828125,103.47000122070312,4.159999847412109
2024-01-29,2025.199951171875,103.61000061035156,4.091000080108643
2024-01-30,2031.5,103.4000015258789,4.059000015258789
2024-01-31,2048.39990234375,103.2699966430664,3.9670000076293945
2024-02-01,2053.0,103.05000305175781,3.86299991607666
2024-02-02,2036.0999755859375,103.91999816894531,4.0329999923706055
2024-02-05,2025.699951171875,104.44999694824219,4.164000034332275
2024-02-06,2034.5,104.18000030517578,4.090000152587891
2024-02-07,2035.199951171875,104.04000091552734,4.110000133514404
2024-02-08,2032.199951171875,104.1500015258789,4.170000076293945
2024-02-09,2023.300048828125,104.08000183105469,4.186999797821045
2024-02-12,2018.199951171875,104.16999816894531,4.171999931335449
2024-02-13,1992.9000244140625,104.95999908447266,4.315999984741211
2024-02-14,1990.300048828125,104.72000122070312,4.267000198364258
2024-02-15,2002.0999755859375,104.30000305175781,4.239999771118164
2024-02-16,2011.5,104.27999877929688,4.295000076293945
2024-02-20,2027.5,104.08000183105469,4.275000095367432
2024-02-21,2022.300048828125,104.01000213623047,4.324999809265137
2024-02-22,2019.699951171875,103.95999908447266,4.327000141143799
2024-02-23,2038.5999755859375,103.94000244140625,4.260000228881836
2024-02-26,2028.5,103.83000183105469,4.298999786376953
2024-02-27,2034.0,103.83000183105469,4.315000057220459
2024-02-28,2033.0,103.9800033569336,4.27400016784668
2024-02-29,2045.699951171875,104.16000366210938,4.251999855041504
2024-03-01,2086.89990234375,103.86000061035156,4.179999828338623
2024-03-04,2117.699951171875,103.83000183105469,4.218999862670898
2024-03-05,2133.5,103.80000305175781,4.13700008392334
2024-03-06,2150.300048828125,103.37000274658203,4.104000091552734
2024-03-07,2158.0,102.81999969482422,4.0920000076293945
2024-03-08,2178.60009765625,102.73999786376953,4.089000225067139
2024-03-11,2182.5,102.87000274658203,4.104000091552734
2024-03-12,2160.39990234375,102.95999908447266,4.15500020980835
2024-03-13,2175.39990234375,102.79000091552734,4.191999912261963
2024-03-14,2163.0,103.36000061035156,4.297999858856201
2024-03-15,2157.300048828125,103.43000030517578,4.303999900817871
2024-03-18,2160.699951171875,103.58000183105469,4.340000152587891
2024-03-19,2156.300048828125,103.80999755859375,4.296999931335449
2024-03-20,2157.89990234375,103.41000366210938,4.2729997634887695
2024-03-21,2182.39990234375,104.0,4.270999908447266
2024-03-22,2158.10009765625,104.43000030517578,4.2179999351501465
2024-03-25,2174.800048828125,104.2300033569336,4.252999782562256
2024-03-26,2175.60009765625,104.29000091552734,4.234000205993652
2024-03-27,2190.60009765625,104.3499984741211,4.196000099182129
2024-03-28,2217.39990234375,104.55000305175781,4.205999851226807
2024-04-01,2236.5,105.0199966430664,4.328999996185303
2024-04-02,2261.0,104.81999969482422,4.364999771118164
2024-04-03,2294.39990234375,104.25,4.355000019073486
2024-04-04,2288.800048828125,104.12000274658203,4.309000015258789
2024-04-05,2325.699951171875,104.30000305175781,4.377999782562256
2024-04-08,2331.699951171875,104.13999938964844,4.423999786376953
2024-04-09,2343.5,104.1500015258789,4.366000175476074
2024-04-10,2329.60009765625,105.25,4.559999942779541
2024-04-11,2354.800048828125,105.27999877929688,4.576000213623047
2024-04-12,2356.199951171875,106.04000091552734,4.499000072479248
2024-04-15,2365.800048828125,106.20999908447266,4.627999782562256
2024-04-16,2390.800048828125,106.26000213623047,4.658999919891357
2024-04-17,2371.699951171875,105.94999694824219,4.585000038146973
2024-04-18,2382.300048828125,106.1500015258789,4.646999835968018
2024-04-19,2398.39990234375,106.1500015258789,4.614999771118164
2024-04-22,2332.199951171875,106.08000183105469,4.623000144958496
2024-04-23,2327.699951171875,105.69000244140625,4.5980000495910645
2024-04-24,2324.5,105.86000061035156,4.6519999504089355
2024-04-25,2329.800048828125,105.5999984741211,4.705999851226807
2024-04-26,2334.800048828125,105.94000244140625,4.669000148773193
2024-04-29,2345.39990234375,105.58000183105469,4.613999843597412
2024-04-30,2291.39990234375,106.22000122070312,4.685999870300293
2024-05-01,2299.89990234375,105.76000213623047,4.59499979019165
2024-05-02,2299.199951171875,105.30000305175781,4.571000099182129
2024-05-03,2299.0,105.02999877929688,4.5
2024-05-06,2321.60009765625,105.05000305175781,4.488999843597412
2024-05-07,2315.199951171875,105.41000366210938,4.4629998207092285
2024-05-08,2313.60009765625,105.55000305175781,4.492000102996826
2024-05-09,2332.10009765625,105.2300033569336,4.448999881744385
2024-05-10,2367.300048828125,105.30999755859375,4.504000186920166
2024-05-13,2336.10009765625,105.22000122070312,4.480999946594238
2024-05-14,2353.39990234375,105.01000213623047,4.445000171661377
2024-05-15,2388.699951171875,104.3499984741211,4.355999946594238
2024-05-16,2380.0,104.45999908447266,4.376999855041504
2024-05-17,2412.199951171875,104.44999694824219,4.420000076293945
2024-05-20,2433.89990234375,104.56999969482422,4.436999797821045
2024-05-21,2421.699951171875,104.66000366210938,4.414000034332275
2024-05-22,2389.199951171875,104.94000244140625,4.434000015258789
2024-05-23,2335.0,105.11000061035156,4.474999904632568
2024-05-24,2332.5,104.72000122070312,4.4670000076293945
2024-05-28,2355.199951171875,104.61000061035156,4.541999816894531
2024-05-29,2340.300048828125,105.0999984741211,4.624000072479248
2024-05-30,2342.89990234375,104.72000122070312,4.553999900817871
2024-05-31,2322.89990234375,104.66999816894531,4.513999938964844
2024-06-03,2346.60009765625,104.13999938964844,4.4019999504089355
2024-06-04,2325.5,104.11000061035156,4.335999965667725
2024-06-05,2354.10009765625,104.2699966430664,4.289000034332275
2024-06-06,2370.300048828125,104.0999984741211,4.281000137329102
2024-06-07,2305.199951171875,104.88999938964844,4.429999828338623
2024-06-10,2307.699951171875,105.1500015258789,4.468999862670898
2024-06-11,2307.5,105.2300033569336,4.4039998054504395
2024-06-12,2336.0,104.6500015258789,4.295000076293945
2024-06-13,2300.199951171875,105.19999694824219,4.23799991607666
2024-06-14,2331.39990234375,105.55000305175781,4.2129998207092285
2024-06-17,2312.39990234375,105.31999969482422,4.2789998054504395
2024-06-18,2330.39990234375,105.26000213623047,4.2170000076293945
2024-06-20,2353.800048828125,105.58999633789062,4.254000186920166
2024-06-21,2316.39990234375,105.80000305175781,4.256999969482422
2024-06-24,2330.0,105.47000122070312,4.248000144958496
2024-06-25,2316.60009765625,105.61000061035156,4.23799991607666
2024-06-26,2299.199951171875,106.05000305175781,4.315999984741211
2024-06-27,2324.5,105.91000366210938,4.288000106811523
2024-06-28,2327.699951171875,105.87000274658203,4.3429999351501465
2024-07-01,2327.60009765625,105.9000015258789,4.479000091552734
2024-07-02,2323.0,105.72000122070312,4.435999870300293
2024-07-03,2359.800048828125,105.4000015258789,4.355000019073486
2024-07-05,2388.5,104.87999725341797,4.271999835968018
2024-07-08,2355.199951171875,105.01000213623047,4.269000053405762
2024-07-09,2360.10009765625,105.12000274658203,4.300000190734863
2024-07-10,2372.199951171875,105.05000305175781,4.28000020980835
2024-07-11,2415.0,104.44000244140625,4.192999839782715
2024-07-12,2414.0,104.08999633789062,4.189000129699707
2024-07-15,2422.89990234375,104.19000244140625,4.229000091552734
2024-07-16,2462.39990234375,104.2699966430664,4.166999816894531
2024-07-17,2454.800048828125,103.75,4.145999908447266
2024-07-18,2451.800048828125,104.16999816894531,4.189000129699707
2024-07-19,2395.5,104.4000015258789,4.238999843597412
2024-07-22,2392.0,104.30999755859375,4.260000228881836
2024-07-23,2404.60009765625,104.44999694824219,4.238999843597412
2024-07-24,2413.300048828125,104.38999938964844,4.285999774932861
2024-07-25,2351.89990234375,104.36000061035156,4.25600004196167
2024-07-26,2380.0,104.31999969482422,4.199999809265137
2024-07-29,2377.300048828125,104.55999755859375,4.177999973297119
2024-07-30,2405.0,104.55000305175781,4.14300012588501
2024-07-31,2426.5,104.0999984741211,4.109000205993652
2024-08-01,2435.0,104.41999816894531,3.9760000705718994
2024-08-02,2425.699951171875,103.20999908447266,3.7920000553131104
2024-08-05,2401.699951171875,102.69000244140625,3.7850000858306885
2024-08-06,2389.10009765625,102.97000122070312,3.888000011444092
2024-08-07,2390.5,103.19999694824219,3.9679999351501465
2024-08-08,2422.199951171875,103.20999908447266,3.996999979019165
2024-08-09,2432.10009765625,103.13999938964844,3.941999912261963
2024-08-12,2462.39990234375,103.13999938964844,3.9089999198913574
2024-08-13,2466.699951171875,102.55999755859375,3.8519999980926514
2024-08-14,2439.39990234375,102.56999969482422,3.819999933242798
2024-08-15,2453.10009765625,102.9800033569336,3.9260001182556152
2024-08-16,2498.60009765625,102.45999908447266,3.8919999599456787
2024-08-19,2501.800048828125,101.88999938964844,3.867000102996826
2024-08-20,2511.300048828125,101.44000244140625,3.818000078201294
2024-08-21,2508.39990234375,101.04000091552734,3.7780001163482666
2024-08-22,2478.89990234375,101.51000213623047,3.861999988555908
2024-08-23,2508.39990234375,100.72000122070312,3.806999921798706
2024-08-26,2517.699951171875,100.8499984741211,3.818000078201294
2024-08-27,2516.0,100.55000305175781,3.8329999446868896
2024-08-28,2501.0,101.08999633789062,3.8410000801086426
2024-08-29,2525.699951171875,101.33999633789062,3.867000102996826
2024-08-30,2493.800048828125,101.69999694824219,3.9110000133514404
2024-09-03,2489.89990234375,101.83000183105469,3.8440001010894775
2024-09-04,2493.39990234375,101.36000061035156,3.7679998874664307
2024-09-05,2511.39990234375,101.11000061035156,3.7309999465942383
2024-09-06,2493.5,101.18000030517578,3.7100000381469727
2024-09-09,2501.800048828125,101.55000305175781,3.697000026702881
2024-09-10,2512.300048828125,101.62999725341797,3.6459999084472656
2024-09-11,2512.10009765625,101.68000030517578,3.6530001163482666
2024-09-12,2551.199951171875,101.37000274658203,3.680000066757202
2024-09-13,2581.300048828125,101.11000061035156,3.6500000953674316
2024-09-16,2580.39990234375,100.76000213623047,3.621000051498413
2024-09-17,2564.300048828125,100.88999938964844,3.6419999599456787
2024-09-18,2570.699951171875,100.5999984741211,3.684999942779541
2024-09-19,2588.0,100.61000061035156,3.740000009536743
2024-09-20,2619.89990234375,100.72000122070312,3.7279999256134033
2024-09-23,2626.5,100.91999816894531,3.739000082015991
2024-09-24,2651.199951171875,100.37000274658203,3.7360000610351562
2024-09-25,2659.199951171875,100.91999816894531,3.7809998989105225
2024-09-26,2669.89990234375,100.55999755859375,3.7909998893737793
2024-09-27,2644.300048828125,100.41999816894531,3.749000072479248
2024-09-30,2636.10009765625,100.77999877929688,3.802000045776367
2024-10-01,2667.300048828125,101.19000244140625,3.743000030517578
2024-10-02,2647.10009765625,101.68000030517578,3.7850000858306885
2024-10-03,2657.10009765625,101.98999786376953,3.8499999046325684
2024-10-04,2645.800048828125,102.5199966430664,3.9809999465942383
2024-10-07,2644.800048828125,102.54000091552734,4.026000022888184
2024-10-08,2615.0,102.55000305175781,4.0329999923706055
2024-10-09,2606.0,102.93000030517578,4.066999912261963
2024-10-10,2620.60009765625,102.98999786376953,4.0960001945495605
2024-10-11,2657.60009765625,102.88999938964844,4.072999954223633
2024-10-14,2647.800048828125,103.30000305175781,4.0980000495910645
2024-10-15,2661.39990234375,103.26000213623047,4.038000106811523
2024-10-16,2674.0,103.58999633789062,4.015999794006348
2024-10-17,2691.0,103.83000183105469,4.0960001945495605
2024-10-18,2713.699951171875,103.48999786376953,4.072999954223633
2024-10-21,2723.10009765625,104.01000213623047,4.182000160217285
2024-10-22,2744.199951171875,104.08000183105469,4.203999996185303
2024-10-23,2714.39990234375,104.43000030517578,4.242000102996826
2024-10-24,2734.89990234375,104.05999755859375,4.199999809265137
2024-10-25,2740.89990234375,104.26000213623047,4.23199987411499
2024-10-28,2742.89990234375,104.31999969482422,4.2779998779296875
2024-10-29,2768.39990234375,104.27999877929688,4.27400016784668
2024-10-30,2788.5,103.98999786376953,4.265999794006348
2024-10-31,2738.300048828125,103.9800033569336,4.283999919891357
2024-11-01,2738.60009765625,104.27999877929688,4.361000061035156
2024-11-04,2736.10009765625,103.88999938964844,4.309000015258789
2024-11-05,2740.300048828125,103.41999816894531,4.289000034332275
2024-11-06,2667.60009765625,105.08999633789062,4.426000118255615
2024-11-07,2698.39990234375,104.51000213623047,4.341000080108643
2024-11-08,2687.5,105.0,4.306000232696533
2024-11-11,2611.199951171875,105.54000091552734,4.308000087738037
2024-11-12,2600.0,106.0199966430664,4.432000160217285
2024-11-13,2580.800048828125,106.4800033569336,4.451000213623047
2024-11-14,2568.199951171875,106.66999816894531,4.418000221252441
2024-11-15,2565.699951171875,106.69000244140625,4.427999973297119
2024-11-18,2610.60009765625,106.27999877929688,4.414000034332275
2024-11-19,2627.10009765625,106.20999908447266,4.379000186920166
2024-11-20,2648.199951171875,106.68000030517578,4.406000137329102
2024-11-21,2672.10009765625,106.97000122070312,4.432000160217285
2024-11-22,2709.89990234375,107.48999786376953,4.409999847412109
2024-11-25,2616.800048828125,106.81999969482422,4.264999866485596
2024-11-26,2620.300048828125,107.01000213623047,4.302000045776367
2024-11-27,2639.89990234375,106.08000183105469,4.242000102996826
2024-11-29,2657.0,105.73999786376953,4.177999973297119
2024-12-02,2634.89990234375,106.44999694824219,4.196000099182129
2024-12-03,2644.699951171875,106.37000274658203,4.2230000495910645
2024-12-04,2653.800048828125,106.33999633789062,4.179999828338623
2024-12-05,2626.60009765625,105.70999908447266,4.179999828338623
2024-12-06,2638.60009765625,105.97000122070312,4.151000022888184
2024-12-09,2664.89990234375,106.1500015258789,4.198999881744385
2024-12-10,2697.60009765625,106.4000015258789,4.2210001945495605
2024-12-11,2733.800048828125,106.70999908447266,4.270999908447266
2024-12-12,2687.5,106.95999908447266,4.323999881744385
2024-12-13,2656.0,107.0,4.39900016784668
2024-12-16,2651.39990234375,106.86000061035156,4.396999835968018
2024-12-17,2644.39990234375,106.95999908447266,4.385000228881836
2024-12-18,2636.5,108.02999877929688,4.49399995803833
2024-12-19,2592.199951171875,108.41000366210938,4.570000171661377
2024-12-20,2628.699951171875,107.62000274658203,4.52400016784668
2024-12-23,2612.300048828125,108.04000091552734,4.598999977111816
2024-12-24,2620.0,108.26000213623047,4.591000080108643
2024-12-26,2638.800048828125,108.12999725341797,4.578999996185303
2024-12-27,2617.199951171875,108.0,4.61899995803833
2024-12-30,2606.10009765625,108.12999725341797,4.545000076293945
2024-12-31,2629.199951171875,108.48999786376953,4.572999954223633
2025-01-02,2658.89990234375,109.38999938964844,4.574999809265137
2025-01-03,2645.0,108.94999694824219,4.5960001945495605
2025-01-06,2638.39990234375,108.26000213623047,4.618000030517578
2025-01-07,2656.699951171875,108.54000091552734,4.683000087738037
2025-01-08,2664.5,109.08999633789062,4.692999839782715
2025-01-10,2708.5,109.6500015258789,4.776000022888184
2025-01-13,2673.5,109.95999908447266,4.802999973297119
2025-01-14,2677.5,109.2699966430664,4.788000106811523
2025-01-15,2712.5,109.08999633789062,4.6529998779296875
2025-01-16,2746.39990234375,108.95999908447266,4.605999946594238
2025-01-17,2744.300048828125,109.3499984741211,4.609000205993652
2025-01-21,2755.0,108.05999755859375,4.573999881744385
2025-01-22,2767.60009765625,108.16999816894531,4.598999977111816
2025-01-23,2763.10009765625,108.05000305175781,4.638000011444092
2025-01-24,2777.300048828125,107.44000244140625,4.625999927520752
2025-01-27,2737.5,107.33999633789062,4.5279998779296875
2025-01-28,2766.800048828125,107.87000274658203,4.551000118255615
2025-01-29,2769.10009765625,108.0,4.554999828338623
2025-01-30,2823.0,107.80000305175781,4.51200008392334
2025-01-31,2812.5,108.37000274658203,4.568999767303467
2025-02-03,2833.89990234375,108.98999786376953,4.543000221252441
2025-02-04,2853.300048828125,107.95999908447266,4.513000011444092
2025-02-05,2871.60009765625,107.58000183105469,4.421999931335449
2025-02-06,2856.0,107.69000244140625,4.440000057220459
2025-02-07,2867.300048828125,108.04000091552734,4.486999988555908
2025-02-10,2914.300048828125,108.31999969482422,4.493000030517578
2025-02-11,2912.5,107.95999908447266,4.5370001792907715
2025-02-12,2909.0,107.94000244140625,4.63700008392334
2025-02-13,2925.89990234375,107.30999755859375,4.525000095367432
2025-02-14,2883.60009765625,106.56999969482422,4.4720001220703125
2025-02-18,2931.60009765625,107.05000305175781,4.544000148773193
2025-02-19,2919.39990234375,107.16999816894531,4.534999847412109
2025-02-20,2940.0,106.33999633789062,4.5
2025-02-21,2937.60009765625,106.61000061035156,4.420000076293945
2025-02-24,2947.89990234375,106.5999984741211,4.39300012588501
2025-02-25,2904.5,106.30999755859375,4.297999858856201
2025-02-26,2916.800048828125,106.41999816894531,4.249000072479248
2025-02-27,2883.199951171875,107.23999786376953,4.284999847412109
2025-02-28,2836.800048828125,107.61000061035156,4.230999946594238
2025-03-03,2890.199951171875,106.75,4.179999828338623
2025-03-04,2909.60009765625,105.73999786376953,4.210000038146973
2025-03-05,2915.300048828125,105.73999786376953,4.264999866485596
2025-03-06,2916.60009765625,104.05999755859375,4.285999774932861
2025-03-07,2904.699951171875,103.83999633789062,4.316999912261963
2025-03-10,2891.0,103.91000366210938,4.2129998207092285
2025-03-11,2912.89990234375,103.44000244140625,4.288000106811523
2025-03-12,2939.10009765625,103.61000061035156,4.317999839782715
2025-03-13,2984.300048828125,103.83000183105469,4.27400016784668
2025-03-14,2994.5,103.72000122070312,4.308000087738037
2025-03-17,3000.0,103.37000274658203,4.306000232696533
2025-03-18,3035.10009765625,103.23999786376953,4.281000137329102
2025-03-19,3035.89990234375,103.43000030517578,4.25600004196167
2025-03-20,3040.0,103.8499984741211,4.232999801635742
2025-03-21,3018.199951171875,104.08999633789062,4.251999855041504
2025-03-24,3013.10009765625,104.26000213623047,4.330999851226807
2025-03-25,3023.699951171875,104.18000030517578,4.307000160217285
2025-03-26,3020.89990234375,104.55000305175781,4.3379998207092285
2025-03-27,3060.199951171875,104.06999969482422,4.36899995803833
2025-03-28,3086.5,104.04000091552734,4.255000114440918
2025-03-31,3122.800048828125,104.20999908447266,4.245999813079834
2025-04-01,3118.89990234375,104.26000213623047,4.156000137329102
2025-04-02,3139.89990234375,103.80999755859375,4.196000099182129
2025-04-03,3097.0,102.06999969482422,4.054999828338623
2025-04-04,3012.0,103.0199966430664,3.984999895095825
2025-04-07,2951.300048828125,103.26000213623047,4.15500020980835
2025-04-08,2968.39990234375,102.95999908447266,4.26200008392334
2025-04-09,3056.5,102.9000015258789,4.400000095367432
2025-04-10,3155.199951171875,100.87000274658203,4.394000053405762
2025-04-11,3222.199951171875,99.77999877929688,4.493000030517578
2025-04-14,3204.800048828125,99.63999938964844,4.363999843597412
2025-04-15,3218.699951171875,100.22000122070312,4.322999954223633
2025-04-16,3326.60009765625,99.37999725341797,4.2789998054504395
2025-04-17,3308.699951171875,99.37999725341797,4.333000183105469
2025-04-21,3406.199951171875,98.27999877929688,4.40500020980835
2025-04-22,3400.800048828125,98.91999816894531,4.388999938964844
2025-04-23,3276.300048828125,99.83999633789062,4.38700008392334
2025-04-24,3332.0,99.29000091552734,4.304999828338623
2025-04-25,3282.39990234375,99.47000122070312,4.265999794006348
2025-04-28,3332.5,99.01000213623047,4.216000080108643
2025-04-29,3318.800048828125,99.23999786376953,4.172999858856201
2025-04-30,3305.0,99.47000122070312,4.177000045776367
2025-05-01,3210.0,100.25,4.230999946594238
2025-05-02,3231.89990234375,100.0,4.322000026702881
2025-05-05,3311.300048828125,99.83000183105469,4.3429999351501465
2025-05-06,3411.39990234375,99.23999786376953,4.308000087738037
2025-05-07,3381.39990234375,99.61000061035156,4.275000095367432
2025-05-08,3296.60009765625,100.63999938964844,4.373000144958496
2025-05-09,3335.39990234375,100.33999633789062,4.375
2025-05-12,3220.0,101.79000091552734,4.456999778747559
2025-05-13,3240.300048828125,101.0,4.499000072479248
2025-05-14,3181.39990234375,101.04000091552734,4.5279998779296875
2025-05-15,3220.699951171875,100.87999725341797,4.454999923706055
2025-05-16,3182.0,101.08999633789062,4.440999984741211
2025-05-19,3228.89990234375,100.43000030517578,4.474999904632568
2025-05-20,3280.300048828125,100.12000274658203,4.480999946594238
2025-05-21,3309.300048828125,99.55999755859375,4.5960001945495605
2025-05-22,3292.300048828125,99.95999908447266,4.552999973297119
2025-05-23,3363.60009765625,99.11000061035156,4.508999824523926
2025-05-27,3299.10009765625,99.5199966430664,4.434000015258789
2025-05-28,3293.60009765625,99.87999725341797,4.4770002365112305
2025-05-29,3317.10009765625,99.27999877929688,4.423999786376953
2025-05-30,3288.89990234375,99.33000183105469,4.415999889373779
2025-06-02,3370.60009765625,98.69999694824219,4.461999893188477
2025-06-03,3350.199951171875,99.25,4.460000038146973
2025-06-04,3373.5,98.79000091552734,4.364999771118164
2025-06-05,3350.699951171875,98.73999786376953,4.394000053405762
2025-06-06,3322.699951171875,99.19000244140625,4.510000228881836
2025-06-09,3332.10009765625,98.94000244140625,4.48199987411499
2025-06-10,3320.89990234375,99.05000305175781,4.473999977111816
2025-06-11,3321.300048828125,98.62999725341797,4.4120001792907715
2025-06-12,3380.89990234375,97.91999816894531,4.35699987411499
2025-06-13,3431.199951171875,98.18000030517578,4.423999786376953
2025-06-16,3396.39990234375,98.0,4.452000141143799
2025-06-17,3386.60009765625,98.81999969482422,4.39300012588501
2025-06-18,3389.800048828125,98.91000366210938,4.396999835968018
2025-06-20,3368.10009765625,98.70999908447266,4.375
2025-06-23,3377.699951171875,98.41999816894531,4.320000171661377
2025-06-24,3317.39990234375,97.86000061035156,4.293000221252441
2025-06-25,3327.10009765625,97.68000030517578,4.293000221252441
2025-06-26,3333.5,97.1500015258789,4.252999782562256
2025-06-27,3273.699951171875,97.4000015258789,4.2829999923706055
2025-06-30,3294.39990234375,96.87999725341797,4.230000019073486
2025-07-01,3336.699951171875,96.81999969482422,4.250999927520752
2025-07-02,3348.0,96.77999877929688,4.293000221252441
2025-07-03,3331.60009765625,97.18000030517578,4.3480000495910645
2025-07-07,3332.199951171875,97.4800033569336,4.394999980926514
2025-07-08,3307.0,97.51000213623047,4.414999961853027
2025-07-09,3311.60009765625,97.47000122070312,4.3420000076293945
2025-07-10,3317.39990234375,97.6500015258789,4.3460001945495605
2025-07-11,3356.0,97.8499984741211,4.422999858856201
2025-07-14,3351.5,98.08000183105469,4.427000045776367
2025-07-15,3329.800048828125,98.62000274658203,4.488999843597412
2025-07-16,3352.5,98.38999938964844,4.454999923706055
2025-07-17,3340.10009765625,98.7300033569336,4.4629998207092285
2025-07-18,3353.0,98.4800033569336,4.432000160217285
2025-07-21,3401.89990234375,97.8499984741211,4.372000217437744
2025-07-22,3439.199951171875,97.38999938964844,4.335999965667725
2025-07-23,3394.10009765625,97.20999908447266,4.388000011444092
2025-07-24,3371.0,97.37999725341797,4.4079999923706055
2025-07-25,3334.0,97.6500015258789,4.386000156402588
2025-07-28,3309.10009765625,98.66000366210938,4.420000076293945
2025-07-29,3323.39990234375,98.91000366210938,4.329999923706055
2025-07-30,3295.800048828125,99.94000244140625,4.375999927520752
2025-07-31,3293.199951171875,100.02999877929688,4.360000133514404
2025-08-01,3347.699951171875,98.69000244140625,4.21999979019165
2025-08-04,3374.39990234375,98.77999877929688,4.199999809265137
2025-08-05,3381.89990234375,98.77999877929688,4.196000099182129
2025-08-06,3380.0,98.18000030517578,4.21999979019165
2025-08-07,3400.300048828125,98.4000015258789,4.24399995803833
2025-08-08,3439.10009765625,98.18000030517578,4.284999847412109
2025-08-11,3353.10009765625,98.5199966430664,4.2729997634887695
2025-08-12,3348.89990234375,98.0999984741211,4.293000221252441
2025-08-13,3358.699951171875,97.83999633789062,4.23799991607666
2025-08-14,3335.199951171875,98.25,4.293000221252441
2025-08-15,3336.0,97.8499984741211,4.328000068664551
2025-08-18,3331.699951171875,98.16999816894531,4.341000080108643
2025-08-19,3313.39990234375,98.2699966430664,4.302000045776367
2025-08-20,3343.39990234375,98.22000122070312,4.296000003814697
2025-08-21,3336.89990234375,98.62000274658203,4.329999923706055
2025-08-22,3374.39990234375,97.72000122070312,4.260000228881836
2025-08-25,3373.800048828125,98.43000030517578,4.275000095367432
2025-08-26,3388.60009765625,98.2300033569336,4.257999897003174
2025-08-27,3404.60009765625,98.2300033569336,4.23799991607666
2025-08-28,3431.800048828125,97.80999755859375,4.206999778747559
2025-08-29,3473.699951171875,97.7699966430664,4.2270002365112305
2025-09-02,3549.39990234375,98.4000015258789,4.2769999504089355
2025-09-03,3593.199951171875,98.13999938964844,4.210999965667725
2025-09-04,3565.800048828125,98.3499984741211,4.176000118255615
2025-09-05,3613.199951171875,97.7699966430664,4.085999965667725
2025-09-08,3638.10009765625,97.44999694824219,4.046000003814697
2025-09-09,3643.300048828125,97.79000091552734,4.073999881744385
2025-09-10,3643.60009765625,97.77999877929688,4.0320000648498535
2025-09-11,3636.89990234375,97.54000091552734,4.011000156402588
2025-09-12,3649.39990234375,97.55000305175781,4.060999870300293
2025-09-15,3682.199951171875,97.30000305175781,4.033999919891357
2025-09-16,3688.89990234375,96.62999725341797,4.026000022888184
2025-09-17,3681.800048828125,96.87000274658203,4.076000213623047
2025-09-18,3643.699951171875,97.3499984741211,4.104000091552734
2025-09-19,3671.5,97.63999938964844,4.138999938964844
2025-09-22,3740.699951171875,97.33000183105469,4.14300012588501
2025-09-23,3780.60009765625,97.26000213623047,4.119999885559082
2025-09-24,3732.10009765625,97.87000274658203,4.146999835968018
2025-09-25,3736.89990234375,98.55000305175781,4.171999931335449
2025-09-26,3775.300048828125,98.1500015258789,4.186999797821045
2025-09-29,3820.89990234375,97.91000366210938,4.140999794006348
2025-09-30,3840.800048828125,97.7699966430664,4.1479997634887695
2025-10-01,3867.5,97.70999908447266,4.105999946594238
2025-10-02,3839.699951171875,97.8499984741211,4.0879998207092285
2025-10-03,3880.800048828125,97.72000122070312,4.11899995803833
2025-10-06,3948.5,98.11000061035156,4.1620001792907715
2025-10-07,3976.60009765625,98.58000183105469,4.126999855041504
2025-10-08,4043.300048828125,98.8499984741211,4.129000186920166
2025-10-09,3946.300048828125,99.54000091552734,4.1479997634887695
2025-10-10,3975.89990234375,98.9800033569336,4.051000118255615
2025-10-13,4108.60009765625,99.2699966430664,4.051000118255615
2025-10-14,4138.7001953125,99.05000305175781,4.021999835968018
2025-10-15,4176.89990234375,98.79000091552734,4.046000003814697
2025-10-16,4280.2001953125,98.38999938964844,3.9760000705718994
2025-10-17,4189.89990234375,98.43000030517578,4.006999969482422
2025-10-20,4336.39990234375,98.58999633789062,3.9860000610351562
2025-10-21,4087.699951171875,98.93000030517578,3.9630000591278076
2025-10-22,4044.39990234375,98.9000015258789,3.953000068664551
2025-10-23,4125.5,98.94000244140625,3.990999937057495
2025-10-24,4118.39990234375,98.94999694824219,3.996999979019165
2025-10-27,4001.89990234375,98.77999877929688,3.996999979019165
2025-10-28,3966.199951171875,98.69000244140625,3.9830000400543213
2025-10-29,3983.699951171875,99.22000122070312,4.058000087738037
2025-10-30,4001.300048828125,99.52999877929688,4.0929999351501465
2025-10-31,3982.199951171875,99.80000305175781,4.10099983215332
2025-11-03,4000.300048828125,99.87000274658203,4.105999946594238
2025-11-04,3947.699951171875,100.22000122070312,4.089000225067139
2025-11-05,3980.300048828125,100.19999694824219,4.1570000648498535
2025-11-06,3979.89990234375,99.7300033569336,4.0929999351501465
2025-11-07,3999.39990234375,99.5999984741211,4.0929999351501465
2025-11-10,4111.7998046875,99.62000274658203,4.110000133514404
2025-11-11,4106.7998046875,99.45999908447266,4.119999885559082
2025-11-12,4204.39990234375,99.4800033569336,4.065000057220459
2025-11-13,4186.89990234375,99.18000030517578,4.111999988555908
2025-11-14,4087.60009765625,99.2699966430664,4.1479997634887695
2025-11-17,4068.300048828125,99.58999633789062,4.132999897003174
2025-11-18,4061.300048828125,99.55000305175781,4.123000144958496
2025-11-19,4077.699951171875,100.2300033569336,4.132999897003174
2025-11-20,4056.5,100.16000366210938,4.105999946594238
2025-11-21,4076.699951171875,100.18000030517578,4.063000202178955
2025-11-24,4091.89990234375,100.13999938964844,4.038000106811523
2025-11-25,4139.2001953125,99.66000366210938,4.001999855041504
2025-11-26,4165.2001953125,99.5999984741211,3.997999906539917
2025-11-28,4218.2998046875,99.45999908447266,4.017000198364258
2025-12-01,4239.2998046875,99.41000366210938,4.0960001945495605
2025-12-02,4186.60009765625,99.36000061035156,4.085999965667725
2025-12-03,4199.2998046875,98.8499984741211,4.057000160217285
2025-12-04,4211.7998046875,98.98999786376953,4.107999801635742
2025-12-05,4212.89990234375,98.98999786376953,4.138999938964844
2025-12-08,4187.2001953125,99.08999633789062,4.171999931335449
2025-12-09,4206.7001953125,99.22000122070312,4.185999870300293
2025-12-10,4196.39990234375,98.79000091552734,4.164000034332275
2025-12-11,4285.5,98.3499984741211,4.140999794006348
2025-12-12,4300.10009765625,98.4000015258789,4.193999767303467
2025-12-15,4306.7001953125,98.1500015258789,4.182000160217285
2025-12-16,4304.5,98.1500015258789,4.14900016784668
2025-12-17,4347.5,98.37000274658203,4.151000022888184
2025-12-18,4339.5,98.43000030517578,4.116000175476074
2025-12-19,4361.39990234375,98.5999984741211,4.151000022888184
2025-12-22,4444.60009765625,98.29000091552734,4.169000148773193
2025-12-23,4482.7998046875,97.94000244140625,4.169000148773193
2025-12-24,4480.60009765625,97.9800033569336,4.136000156402588
2025-12-26,4529.10009765625,98.0199966430664,4.136000156402588
2025-12-29,4325.10009765625,98.04000091552734,4.116000175476074
2025-12-30,4370.10009765625,98.23999786376953,4.130000114440918
2025-12-31,4325.60009765625,98.27999877929688,4.163000106811523
2026-01-02,4314.39990234375,98.41999816894531,4.186999797821045
2026-01-05,4436.89990234375,98.2699966430664,4.164999961853027
2026-01-06,4482.2001953125,98.58000183105469,4.178999900817871
2026-01-07,4449.2998046875,98.68000030517578,4.138000011444092
2026-01-08,4449.7001953125,98.93000030517578,4.183000087738037
2026-01-09,4490.2998046875,99.12999725341797,4.171000003814697
2026-01-12,4604.2998046875,98.86000061035156,4.186999797821045
2026-01-13,4589.2001953125,99.12999725341797,4.171000003814697
2026-01-14,4626.2998046875,99.12999725341797,4.139999866485596
2026-01-15,4616.2998046875,99.31999969482422,4.159999847412109
2026-01-16,4588.39990234375,99.38999938964844,4.230999946594238
2026-01-20,4759.60009765625,98.63999938964844,4.295000076293945
2026-01-21,4831.7998046875,98.76000213623047,4.252999782562256
2026-01-22,4908.7998046875,98.36000061035156,4.249000072479248
2026-01-23,4976.2001953125,97.5999984741211,4.238999843597412
2026-01-26,5079.7001953125,97.04000091552734,4.2129998207092285
2026-01-27,5079.89990234375,96.22000122070312,4.2230000495910645
2026-01-28,5301.60009765625,96.44999694824219,4.250999927520752
2026-01-29,5318.39990234375,96.27999877929688,4.2270002365112305
2026-01-30,4713.89990234375,96.98999786376953,4.241000175476074
2026-02-02,4622.5,97.61000061035156,4.275000095367432
2026-02-03,4903.7001953125,97.44000244140625,4.27400016784668
2026-02-04,4920.39990234375,97.62000274658203,4.275000095367432
2026-02-05,4861.39990234375,97.81999969482422,4.210000038146973
2026-02-06,4951.2001953125,97.62999725341797,4.205999851226807
2026-02-09,5050.89990234375,96.81999969482422,4.197999954223633
2026-02-10,5003.7998046875,96.80000305175781,4.146999835968018
2026-02-11,5071.60009765625,96.83000183105469,4.171999931335449
2026-02-12,4923.7001953125,96.93000030517578,4.104000091552734
2026-02-13,5022.0,96.87999725341797,4.056000232696533
2026-02-17,4882.89990234375,97.16000366210938,4.052000045776367
2026-02-18,4986.5,97.69999694824219,4.078999996185303
2026-02-19,4975.89990234375,97.93000030517578,4.074999809265137
2026-02-20,5059.2998046875,97.80000305175781,4.085999965667725
2026-02-23,5204.7001953125,97.69999694824219,4.0289998054504395
2026-02-24,5155.7998046875,97.87999725341797,4.0329999923706055
2026-02-25,5206.89990234375,97.60700225830078,4.047999858856201
